company_name,link,ticker
HRG Group Inc.,https://www.thelayoff.com//hrg-group,HRG
I & I Software,https://www.thelayoff.com//i-and-i-software,
I - 70 Community Hospital,https://www.thelayoff.com//i-70-community-hospital,
I-Flow Corp.,https://www.thelayoff.com//i-flow,IFLO
I-Trax Inc.,https://www.thelayoff.com//i-trax,DMX
I-many Inc.,https://www.thelayoff.com//i-many,IMNY
I.D. Systems Inc.,https://www.thelayoff.com//i-d-systems,IDSY
IA Global Inc.,https://www.thelayoff.com//ia-global,IAO
IAC/InterActiveCorp.,https://www.thelayoff.com//iac-interactivecorp,IACI
IAMGOLD Corp.,https://www.thelayoff.com//iamgold,IAG
IAMGOLD Corporation,https://www.thelayoff.com//iamgold-corporation,IMG
IBB Consulting,https://www.thelayoff.com//ibb-consulting,
IBERIABANK Corp.,https://www.thelayoff.com//iberiabank,IBKC
IBI Group Inc,https://www.thelayoff.com//ibi-group,IBG
IBIS Technology Corp.,https://www.thelayoff.com//ibis-technology,IBIS
IBM,https://www.thelayoff.com//international-business-machines,IBM
IBT Bancorp Inc.,https://www.thelayoff.com//ibt-bancorp,IRW
IBT Enterprises,https://www.thelayoff.com//ibt-enterprises,
IC Engineering,https://www.thelayoff.com//ic-engineering,
IC Potash Corp.,https://www.thelayoff.com//ic-potash,ICP
ICC Industries,https://www.thelayoff.com//icc-industries,
ICF International Inc.,https://www.thelayoff.com//icf-international,ICFI
ICICI Bank Ltd.,https://www.thelayoff.com//icici-bank,IBN
ICO Global Communications Holdings Ltd.,https://www.thelayoff.com//ico-global-communications-holdings,ICOG
ICO Inc.,https://www.thelayoff.com//ico,ICOC
ICONMA,https://www.thelayoff.com//iconma,
ICOP Digital Inc.,https://www.thelayoff.com//icop-digital,ICOP
ICOR Partners,https://www.thelayoff.com//icor-partners,
ICR,https://www.thelayoff.com//icr,
ICS Marketing Support Services,https://www.thelayoff.com//ics-marketing-support-services,
ICSN,https://www.thelayoff.com//icsn,
ICT Group Inc.,https://www.thelayoff.com//ict-group,ICTG
ICU Medical Inc.,https://www.thelayoff.com//icu-medical,ICUI
ICx Technologies Inc.,https://www.thelayoff.com//icx-technologies,ICXT
IDACORP Inc.,https://www.thelayoff.com//idacorp,IDA
IDEO,https://www.thelayoff.com//ideo,
IDEX Corp.,https://www.thelayoff.com//idex,IEX
IDEXX Laboratories Inc.,https://www.thelayoff.com//idexx-laboratories,IDXX
IDM Pharma Inc.,https://www.thelayoff.com//idm-pharma,IDMI
IDT Corp.,https://www.thelayoff.com//idt,IDT
IEC Electronics Corp.,https://www.thelayoff.com//iec-electronics,IEC
IF Bancorp Inc.,https://www.thelayoff.com//if-bancorp,IROQ
IGI Inc.,https://www.thelayoff.com//igi,IG
IGM Financial Inc.,https://www.thelayoff.com//igm-financial,IGM
IHOP Corp.,https://www.thelayoff.com//ihop,IHP
IHS Inc.,https://www.thelayoff.com//ihs,IHS
II-VI Inc.,https://www.thelayoff.com//ii-vi,IIVI
IKEA,https://www.thelayoff.com//ikea,
ILOG S.A.,https://www.thelayoff.com//ilog,ILOG
ILX Resorts Inc.,https://www.thelayoff.com//ilx-resorts,ILX
IMA Exploration Inc.,https://www.thelayoff.com//ima-exploration,IMR
IMAX Corporation,https://www.thelayoff.com//imax-corporation,IMX
IMI Health,https://www.thelayoff.com//imi-health,
IMPAC Mortgage,https://www.thelayoff.com//impac-mortgage-holdings,IMH
IMPACT Group,https://www.thelayoff.com//impact,
IMRIS Inc.,https://www.thelayoff.com//imris,IMRS
IMS ExpertServices,https://www.thelayoff.com//ims-expertservices,
IMS Health Holdings Inc.,https://www.thelayoff.com//ims-health-holdings,IMS
IMS Health Inc.,https://www.thelayoff.com//ims-health,RX
INC Research Holdings Inc.,https://www.thelayoff.com//inc-research-holdings,INCR
INDUS Technology,https://www.thelayoff.com//indus-technology,
ING Group,https://www.thelayoff.com//ing-groep,ING
INNCOM International,https://www.thelayoff.com//inncom-international,
INSCAPE Corporation,https://www.thelayoff.com//inscape-corporation,INQ
INSiGHT Merchandising,https://www.thelayoff.com//insight-merchandising,
INT Technologies,https://www.thelayoff.com//int-technologies,
INTL FCStone Inc.,https://www.thelayoff.com//intl-fcstone,INTL
INTTRA,https://www.thelayoff.com//inttra,
INV Metals Inc.,https://www.thelayoff.com//inv-metals,INV
INVESCO Ltd.,https://www.thelayoff.com//invesco,IVZ
INVESTools Inc.,https://www.thelayoff.com//investools,SWIM
INX Inc.,https://www.thelayoff.com//inx,INXI
ION Geophysical Corp.,https://www.thelayoff.com//ion-geophysical,IO
ION Media Networks Inc.,https://www.thelayoff.com//ion-media-networks,ION
IONA Technologies PLC,https://www.thelayoff.com//iona-technologies-plc,IONA
IP Services,https://www.thelayoff.com//ip-services,
IPC Healthcare Inc.,https://www.thelayoff.com//ipc-healthcare,IPCM
IPC Holdings Ltd.,https://www.thelayoff.com//ipc-holdings,IPCR
IPC The Hospitalist Company,https://www.thelayoff.com//ipc-the-hospitalist-company,
IPG Photonics Corp.,https://www.thelayoff.com//ipg-photonics,IPGP
IPLogic,https://www.thelayoff.com//iplogic,
IPTRADE,https://www.thelayoff.com//iptrade,
IPexpert,https://www.thelayoff.com//ipexpert,
IPiphany,https://www.thelayoff.com//ipiphany,
IQ Pipeline,https://www.thelayoff.com//iq-pipeline,
IRIS International Inc.,https://www.thelayoff.com//iris-international,IRIS
IRM,https://www.thelayoff.com//irm,
IRSA Propiedades Comerciales S.A. ADS,https://www.thelayoff.com//irsa-propiedades-comerciales,IRCP
IRSA-Inversiones y Representaciones S.A. (GDS),https://www.thelayoff.com//irsa-inversiones-y-representaciones-(gds),IRS
ISC,https://www.thelayoff.com//isc,
ISCO Industries,https://www.thelayoff.com//isco-industries,
ISCO International Inc.,https://www.thelayoff.com//isco-international,ISO
ISITE Design,https://www.thelayoff.com//isite-design,
ISNetworld,https://www.thelayoff.com//isnetworld,
ISP Optics,https://www.thelayoff.com//isp-optics,
IST Management Services,https://www.thelayoff.com//ist-management-services,
ISTS Worldwide,https://www.thelayoff.com//ists-worldwide,
ISYS Technologies,https://www.thelayoff.com//isys-technologies,
IT Ascent,https://www.thelayoff.com//it-ascent,
IT First Source,https://www.thelayoff.com//it-first-source,
IT Partners,https://www.thelayoff.com//it-partners,
IT Prophets,https://www.thelayoff.com//it-prophets,
IT Solutions Consulting,https://www.thelayoff.com//it-solutions-consulting,
ITA Software,https://www.thelayoff.com//ita-software,
ITAC Engineers and Constructors,https://www.thelayoff.com//itac-engineers-and-constructors,
ITAC Solutions,https://www.thelayoff.com//itac-solutions,
ITC Holdings Corp.,https://www.thelayoff.com//itc-holdings,ITC
ITT Corp.,https://www.thelayoff.com//itt,ITT
ITT Educational Services Inc.,https://www.thelayoff.com//itt-educational-services,ESI
ITT Technical Institute,https://www.thelayoff.com//itt-technical-institute,
ITWC,https://www.thelayoff.com//itwc,
IVCi,https://www.thelayoff.com//ivci,
IXYS Corp.,https://www.thelayoff.com//ixys,IXYS
Iao Kun Group Holding Co. Ltd.,https://www.thelayoff.com//iao-kun-group-holding-co,IKGH
Iasis Healthcare,https://www.thelayoff.com//iasis-healthcare,
Iasta.com,https://www.thelayoff.com//iasta,
Iatric Systems,https://www.thelayoff.com//iatric-systems,
Iberia General Hospital and Medical Center,https://www.thelayoff.com//iberia-general-hospital-and-medical-center,
Iberia Parish,https://www.thelayoff.com//iberia,
Iberia Parish School District,https://www.thelayoff.com//iberia-parish-school-district,
Iberia R-V School District,https://www.thelayoff.com//iberia-r-v-school-district,
Iberville Parish,https://www.thelayoff.com//iberville,
Iberville Parish School District,https://www.thelayoff.com//iberville-parish-school-district,
Icagen Inc.,https://www.thelayoff.com//icagen,ICGN
Icahn Enterprises L.P.,https://www.thelayoff.com//icahn-enterprises,IEP
Icarus Exhibits,https://www.thelayoff.com//icarus-exhibits,
Ichor Holdings,https://www.thelayoff.com//ichor-holdings,ICHR
Icon Information Consultants,https://www.thelayoff.com//icon-information-consultants,
Icon PLC,https://www.thelayoff.com//icon-plc,ICLR
Icon Time Systems,https://www.thelayoff.com//icon-time-systems,
Iconix Brand Group Inc.,https://www.thelayoff.com//iconix-brand-group,ICON
Iconoculture,https://www.thelayoff.com//iconoculture,
Ida County,https://www.thelayoff.com//ida,
Ida Public School District,https://www.thelayoff.com//ida-public-school-district,
Idabel School District,https://www.thelayoff.com//idabel-school-district,
Idaho,https://www.thelayoff.com//idaho,
Idaho County,https://www.thelayoff.com//idaho-county,
Idaho Doctors Hospital,https://www.thelayoff.com//idaho-doctors-hospital,
Idaho Falls District,https://www.thelayoff.com//idaho-falls-district-school-district,
Idaho State University,https://www.thelayoff.com//isu,
Idalia Rj-3 School District,https://www.thelayoff.com//idalia-rj-3-school-district,
Idalou Independent School District,https://www.thelayoff.com//idalou-isd-school-district,
Idea Hall,https://www.thelayoff.com//idea-hall,
Ideal Innovations,https://www.thelayoff.com//ideal-innovations,
Ideal Power Inc.,https://www.thelayoff.com//ideal-power,IPWR
Ideal Staffing Services,https://www.thelayoff.com//ideal-staffing-services,
Idearc Inc.,https://www.thelayoff.com//idearc,IAR
Ideastream Consumer Products,https://www.thelayoff.com//ideastream-consumer-products,
Ideation Acquisition Corp.,https://www.thelayoff.com//ideation-acquisition,IDI
Idenix Pharmaceuticals Inc.,https://www.thelayoff.com//idenix-pharmaceuticals,IDIX
Identity Marketing & Public Relations,https://www.thelayoff.com//identity-marketing-and-pr,
IdentityMine,https://www.thelayoff.com//identitymine,
Identiv Inc,https://www.thelayoff.com//identiv,INVE
Idera Pharmaceuticals Inc.,https://www.thelayoff.com//idera-pharmaceuticals,IDRA
Iditarod Area School District,https://www.thelayoff.com//iditarod-area-school-district,
Idleaire Technologies,https://www.thelayoff.com//idleaire-technologies,
Ignacio School District No. 11Jt,https://www.thelayoff.com//ignacio-sd-no-11jt-school-district,
Ignite Restaurant Group Inc.,https://www.thelayoff.com//ignite,IRG
Ignite Social Media,https://www.thelayoff.com//ignite-social-media,
Ignyta Inc.,https://www.thelayoff.com//ignyta,RXDX
Igo Ono Platina Union Elementary School District,https://www.thelayoff.com//igo-ono-platina-union-elementary-school-district,
Ikanos Communications Inc.,https://www.thelayoff.com//ikanos-communications,IKAN
Ikm-Manning Community School District,https://www.thelayoff.com//ikm-manning-comm-school-district,
Ikon Office Solutions Inc.,https://www.thelayoff.com//ikon-office-solutions,IKN
Ikonics Corp.,https://www.thelayoff.com//ikonics,IKNX
Il Valley Central Usd 321,https://www.thelayoff.com//il-valley-central-usd-321-school-district,
Ilitch Holdings,https://www.thelayoff.com//ilitch-holdings,
Illini Bluffs CUSD 327,https://www.thelayoff.com//illini-bluffs-cusd-327-school-district,
Illini Central CUSD 189,https://www.thelayoff.com//illini-central-cusd-189-school-district,
Illini Community Hospital,https://www.thelayoff.com//illini-community-hospital,
Illini West H S District 307,https://www.thelayoff.com//illini-west-h-s-dist-307-school-district,
Illinois,https://www.thelayoff.com//illinois,
Illinois College,https://www.thelayoff.com//ic,
Illinois Institute of Technology,https://www.thelayoff.com//iit,
Illinois State University,https://www.thelayoff.com//illinois-state,
Illinois Tool Works Inc.,https://www.thelayoff.com//illinois-tool-works,ITW
Illinois Valley Community Hospital,https://www.thelayoff.com//illinois-valley-community-hospital,
Illinois Wesleyan University,https://www.thelayoff.com//iwu,
Illumina Inc.,https://www.thelayoff.com//illumina,ILMN
ImClone Systems Inc.,https://www.thelayoff.com//imclone-systems,IMCL
ImaRx Therapeutics Inc.,https://www.thelayoff.com//imarx-therapeutics,IMRX
Image Entertainment Inc.,https://www.thelayoff.com//image-entertainment,DISK
Image Sensing Systems Inc.,https://www.thelayoff.com//image-sensing-systems,ISNS
Image Solutions,https://www.thelayoff.com//image-sol,
Image Solutions,https://www.thelayoff.com//image-solutions,
ImageSoft,https://www.thelayoff.com//imagesoft,
ImageTag,https://www.thelayoff.com//imagetag,
ImageTrend,https://www.thelayoff.com//imagetrend,
ImageWare Systems Inc.,https://www.thelayoff.com//imageware-systems,IW
Imagery Creative,https://www.thelayoff.com//imagery-creative,
Imaging 411,https://www.thelayoff.com//imaging-411,
Imaging Alliance Group,https://www.thelayoff.com//imaging-alliance,
Imaging Dynamics Company Ltd.,https://www.thelayoff.com//imaging-dynamics-company,IDL
Imaging On Call,https://www.thelayoff.com//imaging-on-call,
Imation Corp.,https://www.thelayoff.com//imation,IMN
Imax Corp.,https://www.thelayoff.com//imax,IMAX
Imergent Inc.,https://www.thelayoff.com//imergent,IIG
Imlay City Community Schools,https://www.thelayoff.com//imlay-city-community-schools-school-district,
Immaculata College,https://www.thelayoff.com//immaculata,
Immaculate Baking,https://www.thelayoff.com//immaculate-baking,
Immersion Corp.,https://www.thelayoff.com//immersion,IMMR
Immtech Pharmaceuticals Inc.,https://www.thelayoff.com//immtech-pharmaceuticals,IMM
Immucell Corp.,https://www.thelayoff.com//immucell,ICCC
Immucor Inc.,https://www.thelayoff.com//immucor,BLUD
Immune Design Corp.,https://www.thelayoff.com//immune-design,IMDZ
Immune Pharmaceuticals Inc.,https://www.thelayoff.com//immune-pharmaceuticals,IMNP
Immunicon Corp.,https://www.thelayoff.com//immunicon,IMMC
ImmunoCellular Therapeutics Ltd.,https://www.thelayoff.com//immunocellular-therapeutics,IMUC
Immunogen Inc.,https://www.thelayoff.com//immunogen,IMGN
Immunomedics Inc.,https://www.thelayoff.com//immunomedics,IMMU
Immuron,https://www.thelayoff.com//immuron,
Impact Networking,https://www.thelayoff.com//impact-networking,
Impax Laboratories Inc.,https://www.thelayoff.com//impax-laboratories,IPXL
Imperial Capital Bancorp Inc.,https://www.thelayoff.com//imperial-capital-bancorp,IMP
Imperial County,https://www.thelayoff.com//imperial,
Imperial County Office Of Education,https://www.thelayoff.com//imperial-county-office-of-education-school-district,
Imperial Holdings Inc.,https://www.thelayoff.com//imperial-holdings,IFT
Imperial Industries Inc.,https://www.thelayoff.com//imperial-industries,IPII
Imperial Metals Corporation,https://www.thelayoff.com//imperial-metals-corporation,III
Imperial Oil Limited,https://www.thelayoff.com//imperial-oil,IMO
Imperial Sugar Co.,https://www.thelayoff.com//imperial-sugar,IPSU
Imperial Tobacco Group PLC,https://www.thelayoff.com//imperial-tobacco-group-plc,ITY
Imperial Unified School District,https://www.thelayoff.com//imperial-unified-school-district,
Imperial Valley ROP JPA,https://www.thelayoff.com//imperial-valley-rop-jpa-school-district,
Imperva Inc.,https://www.thelayoff.com//imperva,IMPV
Impinj,https://www.thelayoff.com//impinj,PI
Implant Sciences Corp.,https://www.thelayoff.com//implant-sciences,IMX
Implantable Provider Group,https://www.thelayoff.com//implantable-provider,
Imprimis Pharmaceuticals Inc.,https://www.thelayoff.com//imprimis-pharmaceuticals,IMMY
Imprivata Inc.,https://www.thelayoff.com//imprivata,IMPR
Imre Communications,https://www.thelayoff.com//imre-communications,
Imvescor Restaurant Group Inc.,https://www.thelayoff.com//imvescor-restaurant-group,IRG
In-Building-Wireless,https://www.thelayoff.com//in-building-wireless,
InFocus Corp.,https://www.thelayoff.com//infocus,INFS
InGenesis Medical Staffing,https://www.thelayoff.com//ingenesis-medical-staffing,
InPlay Technologies Inc.,https://www.thelayoff.com//inplay-technologies,NPLA
InScope Solutions,https://www.thelayoff.com//inscope-solutions,
InSys Consulting Services,https://www.thelayoff.com//insys-consulting-services,
InTouch Health,https://www.thelayoff.com//intouch-health,
InVivo Therapeutics Holdings Corp.,https://www.thelayoff.com//invivo-therapeutics-holdings,NVIV
Incendia Partners,https://www.thelayoff.com//incendia-partners,
Incentive Logic,https://www.thelayoff.com//incentive-logic,
Inchelium School District,https://www.thelayoff.com//inchelium-school-district,
Incipio,https://www.thelayoff.com//incipio,
Incisent Technologies,https://www.thelayoff.com//incisent-technologies,
Incline Village Health Center,https://www.thelayoff.com//incline-village-health-center,
Income Opportunity Realty Investors Inc.,https://www.thelayoff.com//income-opportunity-realty-investors,IOT
IncrediMail Ltd.,https://www.thelayoff.com//incredimail,MAIL
Incyte Corp.,https://www.thelayoff.com//incyte,INCY
Indalex,https://www.thelayoff.com//indalex,
Independence 30 School District,https://www.thelayoff.com//independence-30-school-district,
Independence Blue Cross,https://www.thelayoff.com//ibc,
Independence Community School District,https://www.thelayoff.com//independence-comm-school-district,
Independence Contract Drilling,https://www.thelayoff.com//icd,ICD
Independence County,https://www.thelayoff.com//independence-ar,
Independence Federal Savings Bank,https://www.thelayoff.com//independence-federal-savings-bank,IFSB
Independence Holding Co.,https://www.thelayoff.com//independence-holding,IHC
Independence Local School District,https://www.thelayoff.com//independence-local-school-district,
Independence School District,https://www.thelayoff.com//independence-school-district,
Independent Bank Corp.,https://www.thelayoff.com//independent-bank,INDB
Independent Bank Corp. (Michigan),https://www.thelayoff.com//independent-bank-(michigan),IBCP
Independent Bank Group Inc.,https://www.thelayoff.com//independent-bank-group,IBTX
Independent Bank of Texas,https://www.thelayoff.com//independent-bank-of-texas,
Independent Care Health Plan,https://www.thelayoff.com//independent-care-health-plan,
Independent Contract Flooring,https://www.thelayoff.com//independent-contract-flooring,
Independent Elementary School District,https://www.thelayoff.com//independent-elementary-school-district,
Independent Financial Group,https://www.thelayoff.com//independent-financial,
Independent Healthcare Staffing,https://www.thelayoff.com//independent-healthcare-staffing,
Indevus Pharmaceuticals Inc.,https://www.thelayoff.com//indevus-pharmaceuticals,IDEV
Index School District,https://www.thelayoff.com//index-school-district,
India Globalization Capital Inc.,https://www.thelayoff.com//india-globalization-capital,IGC
Indiahoma School District,https://www.thelayoff.com//indiahoma-school-district,
Indian Creek CUSD 425,https://www.thelayoff.com//indian-creek-cusd-425-school-district,
Indian Creek Local,https://www.thelayoff.com//indian-creek-local-school-district,
Indian Diggings Elementary School District,https://www.thelayoff.com//indian-diggings-elementary-school-district,
Indian Hill Exempted Village School District,https://www.thelayoff.com//indian-hill-exempted-village-school-district,
Indian Island School District,https://www.thelayoff.com//indian-island-school-district,
Indian Lake Central School District,https://www.thelayoff.com//indian-lake-central-school-district,
Indian Lake Local,https://www.thelayoff.com//indian-lake-local-school-district,
Indian Path Medical Center,https://www.thelayoff.com//indian-path-medical-center,
Indian Prairie CUSD 204,https://www.thelayoff.com//indian-prairie-cusd-204-school-district,
Indian Railways	,https://www.thelayoff.com//indian-railways,
Indian River Central School District,https://www.thelayoff.com//indian-river-central-school-district,
Indian River County,https://www.thelayoff.com//indian-river,
Indian River Medical Center,https://www.thelayoff.com//indian-river-medical-center,
Indian River School District,https://www.thelayoff.com//indian-river-school-district,
Indian Springs Elementary School District,https://www.thelayoff.com//indian-springs-elementary-school-district,
Indian Springs School District 109,https://www.thelayoff.com//indian-springs-sd-109-school-district,
Indian Township School District,https://www.thelayoff.com//indian-township-school-district,
Indian Valley Local,https://www.thelayoff.com//indian-valley-local-school-district,
Indiana,https://www.thelayoff.com//indiana,
Indiana Area School District,https://www.thelayoff.com//indiana-area-sd-school-district,
Indiana County,https://www.thelayoff.com//indiana-county,
Indiana Institute of Technology,https://www.thelayoff.com//indiana-institute-technology,
Indiana Regional Medical Center,https://www.thelayoff.com//indiana-regional-medical-center,
Indiana State University,https://www.thelayoff.com//indiana-state,
Indiana University - Purdue University Indianapolis,https://www.thelayoff.com//iu-pui,
Indiana University East,https://www.thelayoff.com//iue,
Indiana University Health,https://www.thelayoff.com//indiana-university-health,
Indiana University Health Arnett Hospital,https://www.thelayoff.com//indiana-university-health-arnett-hospital,
Indiana University Health Ball Memorial Hospital,https://www.thelayoff.com//indiana-university-health-ball-memorial-hospital,
Indiana University Health Bedford Hospital,https://www.thelayoff.com//indiana-university-health-bedford-hospital,
Indiana University Health Blackford Hospital,https://www.thelayoff.com//indiana-university-health-blackford-hospital,
Indiana University Health Bloomington Hospital,https://www.thelayoff.com//indiana-university-health-bloomington-hospital,
Indiana University Health North Hospital,https://www.thelayoff.com//indiana-university-health-north-hospital,
Indiana University Health Paoli Hospital,https://www.thelayoff.com//indiana-university-health-paoli-hospital,
Indiana University Health Tipton Hospital,https://www.thelayoff.com//indiana-university-health-tipton-hospital,
Indiana University Health White Memorial Hospital,https://www.thelayoff.com//indiana-university-health-white-memorial-hospital,
Indiana University Northwest,https://www.thelayoff.com//iun,
Indiana University Southeast,https://www.thelayoff.com//ius,
Indiana University at Bloomington,https://www.thelayoff.com//iub,
Indiana University at Kokomo,https://www.thelayoff.com//iuk,
Indiana University at South Bend,https://www.thelayoff.com//iusb,
Indiana University of Pennsylvania,https://www.thelayoff.com//iup,
Indiana University-Purdue University at Fort Wayne,https://www.thelayoff.com//iuufw,
Indiana Wesleyan University,https://www.thelayoff.com//indiana-wesleyan,
Indianapolis Public Schools,https://www.thelayoff.com//indianapolis-public-schools-school-district,
Indianhead Medical Center,https://www.thelayoff.com//indianhead-medical-ctr,
Indianola Community School District,https://www.thelayoff.com//indianola-comm-school-district,
Indianola School District,https://www.thelayoff.com//indianola-school-district,
Indigo Books & Music Inc.,https://www.thelayoff.com//indigo-books-and-music,IDG
Indosat,https://www.thelayoff.com//indosat,IIT
Indtai,https://www.thelayoff.com//indtai,
Industria,https://www.thelayoff.com//industria,
Industrial Alliance Insurance and Financial Services,https://www.thelayoff.com//industrial-alliance-insurance,IAG
Industrial Control Repair,https://www.thelayoff.com//industrial-control-repair,
Industrial Distribution Group Inc.,https://www.thelayoff.com//industrial-distribution-group,IDGR
Industrial Enterprises of America Inc.,https://www.thelayoff.com//industrial-enterprises-of-america,IEAM
Industrial Independent School District,https://www.thelayoff.com//industrial-isd-school-district,
Industrial Revolution,https://www.thelayoff.com//industrial-revolution,
Industrial Services of America Inc.,https://www.thelayoff.com//industrial-services-of-america,IDSA
Industriaplex,https://www.thelayoff.com//industriaplex,
Industrias Bachoco S.A.B. de C.V.,https://www.thelayoff.com//industrias-bachoco-b-de-c-v,IBA
IndyMac Bancorp Inc.,https://www.thelayoff.com//indymac-bancorp,IMB
IneoQuest,https://www.thelayoff.com//ineoquest,
Inergy Holdings L.P.,https://www.thelayoff.com//inergy-holdings,NRGP
Inergy L.P.,https://www.thelayoff.com//inergy,NRGY
Infineon Technologies AG,https://www.thelayoff.com//infineon-technologies-ag,IFX
Infineon Technologies‎,https://www.thelayoff.com//infineon-technologies,IFX
Infinera Corp.,https://www.thelayoff.com//infinera,INFN
Infinitive,https://www.thelayoff.com//infinitive,
Infinity Business Systems,https://www.thelayoff.com//infinity-business-systems,
Infinity Consulting Solutions,https://www.thelayoff.com//infinity-consulting-solutions,
Infinity Contractors,https://www.thelayoff.com//infinity-contractors,
Infinity Energy Resources Inc.,https://www.thelayoff.com//infinity-energy-resources,IFNY
Infinity Homes,https://www.thelayoff.com//infinity-homes,
Infinity Info Systems,https://www.thelayoff.com//infinity-info-systems,
Infinity Insurance,https://www.thelayoff.com//infinity-property-and-casualty,IPCC
Infinity Pharmaceuticals Inc.,https://www.thelayoff.com//infinity-pharmaceuticals,INFI
Infinity Systems Engineering,https://www.thelayoff.com//infinity-systems-engineering,
Infinity Trading Solutions,https://www.thelayoff.com//infinity-trading-solutions,
InfoLogix Inc.,https://www.thelayoff.com//infologix,IFLG
InfoSonics Corp.,https://www.thelayoff.com//infosonics,IFON
InfoSpace Inc.,https://www.thelayoff.com//infospace,INSP
InfoZen,https://www.thelayoff.com//infozen,
Infoblox Inc.,https://www.thelayoff.com//infoblox,BLOX
Infomanav,https://www.thelayoff.com//infomanav,
Infor,https://www.thelayoff.com//infor,
Informatica Corp.,https://www.thelayoff.com//informatica,INFA
Information & Technology Management,https://www.thelayoff.com//information-and-technology-management,
Information Innovators,https://www.thelayoff.com//information-innovators,
Information Services Group Inc.,https://www.thelayoff.com//information-services-group,III
Information Systems Intelligence,https://www.thelayoff.com//information-systems-intelligence,
Information Systems Solutions,https://www.thelayoff.com//information-systems-solutions,
Information Transport Solutions,https://www.thelayoff.com//information-transport-solutions,
Infoscitex,https://www.thelayoff.com//infoscitex,
Infosurv,https://www.thelayoff.com//infosurv,
Infosys,https://www.thelayoff.com//infosys-technologies,INFY
Infra-Strategy,https://www.thelayoff.com//infra-strategy,
InfraREIT Inc.,https://www.thelayoff.com//infrareit,HIFR
Infrastructure Engineering,https://www.thelayoff.com//infrastructure-engineering,
InfuSystems Holdings Inc.,https://www.thelayoff.com//infusystems-holdings,INFU
Infused Solutions,https://www.thelayoff.com//infused-solutions,
Infusionsoft,https://www.thelayoff.com//infusionsoft,
Ingalls Memorial Hospital,https://www.thelayoff.com//ingalls-memorial-hospital,
Ingalls School District,https://www.thelayoff.com//ingalls-school-district,
Ingersoll-Rand Co. Ltd.,https://www.thelayoff.com//ingersoll-rand,IR
Ingham County,https://www.thelayoff.com//ingham,
Ingles Markets Inc.,https://www.thelayoff.com//ingles-markets,IMKTA
Ingleside Independent School District,https://www.thelayoff.com//ingleside-isd-school-district,
Inglewood Unified School District,https://www.thelayoff.com//inglewood-unified-school-district,
Ingram Independent School District,https://www.thelayoff.com//ingram-isd-school-district,
Ingram Industries,https://www.thelayoff.com//ingram-industries,
Ingram Micro Inc.,https://www.thelayoff.com//ingram-micro,IM
Ingredion,https://www.thelayoff.com//ingredion,INGR
Inhibitex Inc.,https://www.thelayoff.com//inhibitex,INHX
Initiative Advertising,https://www.thelayoff.com//initiative-advertising,
InkHead,https://www.thelayoff.com//inkhead,
Inkjet International,https://www.thelayoff.com//inkjet-international,
Inland Hospital,https://www.thelayoff.com//inland-hospital,
Inland Lakes Schools,https://www.thelayoff.com//inland-lakes-schools-school-district,
Inland Real Estate Corp.,https://www.thelayoff.com//inland-real-estate,IRC
Inlet Common School District,https://www.thelayoff.com//inlet-common-school-district,
Inline Electric Supply,https://www.thelayoff.com//inline-electric-supply,
Inman School District,https://www.thelayoff.com//inman-school-district,
Inmate Calling Solutions,https://www.thelayoff.com//inmate-calling-solutions,
Inmet Mining Corporation,https://www.thelayoff.com//inmet-mining-corporation,IMN
InnSuites Hospitality Trust,https://www.thelayoff.com//innsuites-hospitality-trust,IHT
InnerWorkings Inc.,https://www.thelayoff.com//innerworkings,INWK
Innergex Renewable Energy Inc.,https://www.thelayoff.com//innergex-renewable-energy,INE
Inno-Pak,https://www.thelayoff.com//inno-pak,
InnoSource Business Solutions,https://www.thelayoff.com//innosource-business-solutions,
Innocoll AG ADS,https://www.thelayoff.com//innocoll-ag,INNL
Innodata,https://www.thelayoff.com//innodata-isogen,INOD
Innominds Software,https://www.thelayoff.com//innominds-software,
Innophos Holdings Inc.,https://www.thelayoff.com//innophos-holdings,IPHS
Innospec Inc.,https://www.thelayoff.com//innospec,IOSP
Innotas,https://www.thelayoff.com//innotas,
Innotrac Corp.,https://www.thelayoff.com//innotrac,INOC
Innovar Environmental,https://www.thelayoff.com//innovar-environmental,
Innovation Interactive,https://www.thelayoff.com//innovation-interactive,
Innovative Automation,https://www.thelayoff.com//innovative-automation,
Innovative Card Technologies Inc.,https://www.thelayoff.com//innovative-card-technologies,INVC
Innovative Enterprises,https://www.thelayoff.com//innovative-enterprises,
Innovative Foods,https://www.thelayoff.com//innovative-foods,
Innovative Industrial Properties,https://www.thelayoff.com//innovative-industrial-properties,IIPR
Innovative Lighting,https://www.thelayoff.com//innovative-lighting,
Innovative Management & Technology Services,https://www.thelayoff.com//innovative,
Innovative Medical Management,https://www.thelayoff.com//innovative-medical-management,
Innovative Picking Technologies,https://www.thelayoff.com//innovative-picking-technologies,
Innovative Solutions & Support Inc.,https://www.thelayoff.com//innovative-solutions-and-support,ISSC
Innovative Solutions Unlimited,https://www.thelayoff.com//innovative-solutions-unlimited,
Innovative Wireless Technologies,https://www.thelayoff.com//innovative-wireless-technologies,
Innove,https://www.thelayoff.com//innove,
Innoventor Engineering,https://www.thelayoff.com//innoventor-engineering,
Innovex Inc.,https://www.thelayoff.com//innovex,INVX
Innovim,https://www.thelayoff.com//innovim,
Inogen,https://www.thelayoff.com//inogen,INGN
Inola School District,https://www.thelayoff.com//inola-school-district,
Inotek Pharmaceuticals Corp.,https://www.thelayoff.com//inotek-pharmaceuticals,ITEK
Inova Alexandria Hospital,https://www.thelayoff.com//inova-alexandria-hospital,
Inova Fair Oaks Hospital,https://www.thelayoff.com//inova-fair-oaks-hospital,
Inova Fairfax Hospital,https://www.thelayoff.com//inova-fairfax-hospital,
Inova Loudoun Hospital,https://www.thelayoff.com//inova-loudoun-hospital,
Inova Mount Vernon Hospital,https://www.thelayoff.com//inova-mount-vernon-hospital,
Inovalon Holdings Inc.,https://www.thelayoff.com//inovalon-holdings,INOV
Inovio Biomedical Corp.,https://www.thelayoff.com//inovio-biomedical,INO
Inphi Corp.,https://www.thelayoff.com//inphi,IPHI
InsWeb Corp.,https://www.thelayoff.com//insweb,INSW
Insala,https://www.thelayoff.com//insala,
Inserra Supermarkets,https://www.thelayoff.com//inserra-supermarkets,
Inserso,https://www.thelayoff.com//inserso,
Inserve,https://www.thelayoff.com//inserve,
Insight Enterprises Inc.,https://www.thelayoff.com//insight-enterprises,NSIT
Insight Global,https://www.thelayoff.com//insight-global,
Insightful Corp.,https://www.thelayoff.com//insightful,IFUL
InsightsNow,https://www.thelayoff.com//insightsnow,
Insignia Energy Ltd.,https://www.thelayoff.com//insignia-energy,ISN
Insignia Systems Inc.,https://www.thelayoff.com//insignia-systems,ISIG
Insite Vision Inc.,https://www.thelayoff.com//insite-vision,ISV
Insitu,https://www.thelayoff.com//insitu,
Insituform Technologies Inc.,https://www.thelayoff.com//insituform-technologies,INSU
Insmed Inc.,https://www.thelayoff.com//insmed,INSM
Inspec Tech,https://www.thelayoff.com//inspec-tech,
Insperity Inc.,https://www.thelayoff.com//insperity,NSP
Inspira Medical Center Elmer,https://www.thelayoff.com//inspira-medical-center-elmer,
Inspira Medical Center Vineland,https://www.thelayoff.com//inspira-medical-center-vineland,
Inspira Medical Center Woodbury,https://www.thelayoff.com//inspira-medical-center-woodbury,
Inspiration Mining Corporation,https://www.thelayoff.com//inspiration-mining-corporation,ISM
Inspire Brands,https://www.thelayoff.com//inspire-brands,
Inspire Pharmaceuticals Inc.,https://www.thelayoff.com//inspire-pharmaceuticals,ISPH
InspireMD Inc.,https://www.thelayoff.com//inspiremd,NSPR
InstallNET,https://www.thelayoff.com//installnet,
Installed Building Products Inc.,https://www.thelayoff.com//installed-building-products,IBP
Instant Technology,https://www.thelayoff.com//instant-technology,
Insteel Industries Inc.,https://www.thelayoff.com//insteel-industries,IIIN
Institute For Orthopaedic Surgery,https://www.thelayoff.com//institute-for-orthopaedic-surgery,
Institute for Christian Studies,https://www.thelayoff.com//ifcs,
Institutional Financial Markets Inc.,https://www.thelayoff.com//institutional-financial-markets,IFMI
Instructure,https://www.thelayoff.com//instructure,INST
Instrumart,https://www.thelayoff.com//instrumart,
Insulet Corp.,https://www.thelayoff.com//insulet,PODD
Insurance Office of America,https://www.thelayoff.com//insurance-office-of-america,
Insure.com Inc.,https://www.thelayoff.com//insure-com,NSUR
Insys Therapeutics Inc.,https://www.thelayoff.com//insys-therapeutics,INSY
Intact Financial Corporation,https://www.thelayoff.com//intact-financial-corporation,IFC
Intcomex,https://www.thelayoff.com//intcomex,
Intec Pharma,https://www.thelayoff.com//intec-pharma,NTEC
Intech Construction,https://www.thelayoff.com//intech-construction,
Intechra,https://www.thelayoff.com//intechra,
Integra Bank Corp.,https://www.thelayoff.com//integra-bank,IBNK
Integra Biotechnical,https://www.thelayoff.com//integra-biotechnical,
Integra Enclosures,https://www.thelayoff.com//integra-enclosures,
Integra LifeSciences Holdings Corp.,https://www.thelayoff.com//integra-lifesciences-holdings,IART
Integra Staffing,https://www.thelayoff.com//integra-staffing,
Integra Telecom,https://www.thelayoff.com//integra-telecom,
IntegraMed America Inc.,https://www.thelayoff.com//integramed-america,INMD
Integral Systems Inc.,https://www.thelayoff.com//integral-systems,ISYS
Integrated Asset Management Corp.,https://www.thelayoff.com//integrated-asset-management,IAM
Integrated BioPharma Inc.,https://www.thelayoff.com//integrated-biopharma,INBP
Integrated BroadBand Services,https://www.thelayoff.com//integrated-broadband-services,
Integrated Design,https://www.thelayoff.com//integrated-design,
Integrated Design Group,https://www.thelayoff.com//id,
Integrated Device Technology Inc.,https://www.thelayoff.com//integrated-device-technology,IDTI
Integrated Electrical Services Inc.,https://www.thelayoff.com//integrated-electrical-services,IESC
Integrated Environmental Restoration Services,https://www.thelayoff.com//integrated,
Integrated Global Concepts,https://www.thelayoff.com//integrated-global-concepts,
Integrated Mortgage Solutions,https://www.thelayoff.com//integrated-mortgage-solutions,
Integrated Network Cable,https://www.thelayoff.com//integrated-network-cable,
Integrated Process Technologies,https://www.thelayoff.com//integrated-process-technologies,
Integrated Project Management,https://www.thelayoff.com//integrated-project-management,
Integrated Resources,https://www.thelayoff.com//integrated-resources,
Integrated Silicon Solution Inc.,https://www.thelayoff.com//integrated-silicon-solution,ISSI
Integrated Wave Technologies,https://www.thelayoff.com//integrated-wave-technologies,
Integrative Logic Marketing Group,https://www.thelayoff.com//integrative-logic-marketing,
Integris Baptist Medical Center,https://www.thelayoff.com//integris-baptist-medical-center,
Integris Bass Baptist Health Center,https://www.thelayoff.com//integris-bass-baptist-health-center,
Integris Canadian Valley Hospital,https://www.thelayoff.com//integris-canadian-valley-hospital,
Integris Grove Hospital,https://www.thelayoff.com//integris-grove-hospital,
Integris Health Edmond,https://www.thelayoff.com//integris-health-edmond,
Integris Miami Hospital,https://www.thelayoff.com//integris-miami-hospital,
Integris Southwest Medical Center,https://www.thelayoff.com//integris-southwest-medical-center,
Integrity Applications Incorporated,https://www.thelayoff.com//integrity-applications-incorporated,
Integrity Asset Management,https://www.thelayoff.com//integrity-asset-management,
Integrity Bancshares Inc.,https://www.thelayoff.com//integrity-bancshares,ITYC
Integrity Capital Partners,https://www.thelayoff.com//integrity-capital-partners,
Integrity Communications,https://www.thelayoff.com//integrity-communications,
Integrity Metals,https://www.thelayoff.com//integrity-metals,
Integrity Staffing Solutions,https://www.thelayoff.com//integrity-staffing-solutions,
Integrys Energy Group Inc.,https://www.thelayoff.com//integrys-energy-group,TEG
Intel Corp. ,https://www.thelayoff.com//intel,INTC 
Inteliquent Inc.,https://www.thelayoff.com//inteliquent,IQNT
Intelius,https://www.thelayoff.com//intelius,
Intellectual Capital Services,https://www.thelayoff.com//intellectual-capital-services,
Intellectual Ventures,https://www.thelayoff.com//intellectual-ventures,
Intellego,https://www.thelayoff.com//intellego,
Intelli-Check Inc.,https://www.thelayoff.com//intelli-check,IDN
IntelliDyne,https://www.thelayoff.com//intellidyne,
Intellia Therapeutics,https://www.thelayoff.com//intellia-therapeutics,NTLA
Intelligent Logistics,https://www.thelayoff.com//intelligent-logistics,
Intelligent Office,https://www.thelayoff.com//intelligent-office,
Intelligent Systems Corp.,https://www.thelayoff.com//intelligent-systems,INS
Intelligrated,https://www.thelayoff.com//intelligrated,
Intellipharmaceutics International Inc.,https://www.thelayoff.com//intellipharmaceutics-international,IPCI
Intellispring Technologies,https://www.thelayoff.com//intellispring-technologies,
Intelliswift Software,https://www.thelayoff.com//intelliswift-software,
Intellon Corp.,https://www.thelayoff.com//intellon,ITLN
Intensus Engineering,https://www.thelayoff.com//intensus-engineering,
Inter Parfums Inc.,https://www.thelayoff.com//inter-parfums,IPAR
Inter Technologies,https://www.thelayoff.com//inter-technologies,
Inter-American University of Puerto Rico/Aguadilla Campus,https://www.thelayoff.com//iuprac,
Inter-American University of Puerto Rico/Arecibo Campus,https://www.thelayoff.com//inter-american-puerto-rico-arecibo-campus,
Inter-American University of Puerto Rico/Barranquitas Regional College,https://www.thelayoff.com//iuprbrc,
Inter-American University of Puerto Rico/Bayamon University College,https://www.thelayoff.com//iuprbuc,
Inter-American University of Puerto Rico/Fajardo Campus,https://www.thelayoff.com//iuprfc,
Inter-American University of Puerto Rico/Metropolitan Campus,https://www.thelayoff.com//iuprmc,
Inter-American University of Puerto Rico/Ponce Regional College,https://www.thelayoff.com//iuprprc,
Inter-American University of Puerto Rico/San German,https://www.thelayoff.com//iuprsg,
Inter-Atlantic Financial Inc.,https://www.thelayoff.com//inter-atlantic-financial,IAN
Inter-Citic Minerals Inc.,https://www.thelayoff.com//inter-citic-minerals,ICI
InterCloud Systems Inc.,https://www.thelayoff.com//intercloud-systems,ICLD
"InterCon Automation, Inc.",https://www.thelayoff.com//intercon-automation,
InterContinental Hotels Group PLC,https://www.thelayoff.com//intercontinental-hotels-group-plc,IHG
InterDigital Inc.,https://www.thelayoff.com//interdigital,IDCC
InterMune Inc.,https://www.thelayoff.com//intermune,ITMN
InterNAP Network Services Corp.,https://www.thelayoff.com//internap-network-services,INAP
InterOil Corp.,https://www.thelayoff.com//interoil,IOC
InterRel Consulting Partners,https://www.thelayoff.com//interrel-consulting-partners,
InterTech Group,https://www.thelayoff.com//intertech-group,
InterVoice Inc.,https://www.thelayoff.com//intervoice,INTV
InterWorks,https://www.thelayoff.com//interworks,
InterXion Holding N.V.,https://www.thelayoff.com//interxion-holding,INXN
Interactive Brokers Group Inc.,https://www.thelayoff.com//interactive-brokers-group,IBKR
Interactive Data Corp.,https://www.thelayoff.com//interactive-data,IDC
Interactive Financial,https://www.thelayoff.com//interactive-financial,
Interactive Intelligence Inc.,https://www.thelayoff.com//interactive-intelligence,ININ
Interactive Technology Solutions,https://www.thelayoff.com//interactive-technology-solutions,
Interbank FX,https://www.thelayoff.com//interbank-fx,
Interboro School District,https://www.thelayoff.com//interboro-sd-school-district,
Interbrand Advertising,https://www.thelayoff.com//interbrand-advertising,
Intercept Pharmaceuticals Inc.,https://www.thelayoff.com//intercept-pharmaceuticals,ICPT
IntercontinentalExchange Inc.,https://www.thelayoff.com//intercontinentalexchange,ICE
Interevco.com,https://www.thelayoff.com//interevco,
Interface Inc.,https://www.thelayoff.com//interface,TILE
Interfaith Medical Center,https://www.thelayoff.com//interfaith-medical-center,
Intergroup Corp.,https://www.thelayoff.com//intergroup,INTG
Interior Designers Institute,https://www.thelayoff.com//interior-designers-institute,
Interleukin Genetics Inc.,https://www.thelayoff.com//interleukin-genetics,ILI
Interline Brands Inc.,https://www.thelayoff.com//interline-brands,IBI
Intermap Technologies Corporation,https://www.thelayoff.com//intermap-technologies-corporation,IMP
Intermark Media,https://www.thelayoff.com//intermark-media,
Intermarket,https://www.thelayoff.com//intermarket,
Intermarkets,https://www.thelayoff.com//intermarkets,
Intermec Inc.,https://www.thelayoff.com//intermec,IN
Intermolecular Inc.,https://www.thelayoff.com//intermolecular,IMI
Intermountain Drilling Supply,https://www.thelayoff.com//intermountain-drilling-supply,
Intermountain Electronics,https://www.thelayoff.com//intermountain-electronics,
Intermountain Medical Center,https://www.thelayoff.com//intermountain-medical-center,
International Absorbents Inc.,https://www.thelayoff.com//international-absorbents,IAX
International Academy of Design and Technology,https://www.thelayoff.com//international-academy-of-design-and-technology,
International Assets Holding Corp.,https://www.thelayoff.com//international-assets-holding,IAAC
International Automotive Components,https://www.thelayoff.com//international-automotive-components,
International Bancshares Corp.,https://www.thelayoff.com//international-bancshares,IBOC
International Coal Group Inc.,https://www.thelayoff.com//international-coal-group,ICO
International College,https://www.thelayoff.com//international,
International Data Group,https://www.thelayoff.com//international-data-group,
International Datacasting Corporation,https://www.thelayoff.com//international-datacasting-corporation,IDC
International Delivery Solutions,https://www.thelayoff.com//international-delivery-solutions,
International Falls School District,https://www.thelayoff.com//international-falls-school-district,
International Flavors & Fragrances Inc.,https://www.thelayoff.com//international-flavors-and-fragrances,IFF
International Game Technology,https://www.thelayoff.com//international-game-technology,IGT
International Minerals Corp,https://www.thelayoff.com//international-minerals-corp,IMZ
International Paper Co.,https://www.thelayoff.com//international-paper,IP
International Rectifier Corp.,https://www.thelayoff.com//international-rectifier,IRF
International Road Dynamics Inc.,https://www.thelayoff.com//international-road-dynamics,IRD
International Royalty Corp.,https://www.thelayoff.com//international-royalty,ROY
International Rubber Products,https://www.thelayoff.com//international-rubber-products,
International Shipholding Corp.,https://www.thelayoff.com//international-shipholding,ISH
International Solutions Group,https://www.thelayoff.com//international-solutions,
International Sovereign Energy Corp.,https://www.thelayoff.com//international-sovereign-energy,ISR
International Specialty Products,https://www.thelayoff.com//international-specialty-products,
International Speedway Corp.,https://www.thelayoff.com//international-speedway,ISCA
International Tower Hill Mines Ltd,https://www.thelayoff.com//international-tower-hill-mines-ltd,ITH
International Tower Hill Mines Ltd.,https://www.thelayoff.com//international-tower-hill-mines,THM
International Tradelink Group,https://www.thelayoff.com//international-tradelink,
Internet Brands Inc.,https://www.thelayoff.com//internet-brands,INET
Internet Capital Group Inc.,https://www.thelayoff.com//internet-capital-group,ICGE
Internet Gold-Golden Lines Ltd.,https://www.thelayoff.com//internet-gold-golden-lines,IGLD
Internet Initiative Japan Inc.,https://www.thelayoff.com//internet-initiative-japan,IIJI
Internet Marketing Inc,https://www.thelayoff.com//internet-marketing-inc,
Internet Marketing Ninjas,https://www.thelayoff.com//internet-marketing-ninjas,
Internet Patents Corp.,https://www.thelayoff.com//internet-patents,PTNT
Internet Payment Solutions,https://www.thelayoff.com//internet-payment-solutions,
Interpharm Holdings Inc.,https://www.thelayoff.com//interpharm-holdings,IPA
Interphase Corp.,https://www.thelayoff.com//interphase,INPH
Interpublic Group of Cos.,https://www.thelayoff.com//interpublic-group-of-cos,IPG
Intersect ENT Inc.,https://www.thelayoff.com//intersect-ent,XENT
Intersections Inc.,https://www.thelayoff.com//intersections,INTX
Intersil Corp.,https://www.thelayoff.com//intersil,ISIL
Interstate 35 Community School District,https://www.thelayoff.com//interstate-35-comm-school-district,
Interstate Battery System International,https://www.thelayoff.com//interstate-battery-system-international,
Interstate Hotels & Resorts Inc.,https://www.thelayoff.com//interstate-hotels-and-resorts,IHR
Intertape Polymer Group,https://www.thelayoff.com//intertape-polymer-group,ITP
Intertech Flooring,https://www.thelayoff.com//intertech-flooring,
Interval Leisure Group Inc.,https://www.thelayoff.com//interval-leisure-group,IILG
Intervest Bancshares Corp.,https://www.thelayoff.com//intervest-bancshares,IBCA
Interwoven Inc.,https://www.thelayoff.com//interwoven,IWOV
Intest Corp.,https://www.thelayoff.com//intest,INTT
Intetics Co.,https://www.thelayoff.com//intetics-co,
Intevac Inc.,https://www.thelayoff.com//intevac,IVAC
Intra-Cellular Therapies Inc.,https://www.thelayoff.com//intra-cellular-therapies,ITCI
IntraLinks Holdings Inc.,https://www.thelayoff.com//intralinks-holdings,IL
Intraware Inc.,https://www.thelayoff.com//intraware,ITRA
Intrawest Resorts Holdings Inc.,https://www.thelayoff.com//intrawest-resorts-holdings,SNOW
Intrepid Learning Solutions,https://www.thelayoff.com//intrepid-learning-solutions,
Intrepid Mines Limited,https://www.thelayoff.com//intrepid-mines,IAU
Intrepid Potash Inc.,https://www.thelayoff.com//intrepid-potash,IPI
Intrexon Corp.,https://www.thelayoff.com//intrexon,XON
IntriCon Corp.,https://www.thelayoff.com//intricon,IIN
IntrinsiQ,https://www.thelayoff.com//intrinsiq,
"Intrinsyc Software International, Inc.",https://www.thelayoff.com//intrinsyc-software-international,ICS
Introgen Therapeutics Inc.,https://www.thelayoff.com//introgen-therapeutics,INGN
Introworks,https://www.thelayoff.com//introworks,
Intuit Inc.,https://www.thelayoff.com//intuit,INTU
Intuitive Research and Technology,https://www.thelayoff.com//intuitive-research-and-technology,
Intuitive Surgical Inc.,https://www.thelayoff.com//intuitive-surgical,ISRG
Inuvo Inc.,https://www.thelayoff.com//inuvo,INUV
Invacare Corp.,https://www.thelayoff.com//invacare,IVC
InvenSense,https://www.thelayoff.com//invensense,INVN
Inventergy Global Inc.,https://www.thelayoff.com//inventergy-global,INVT
Inventure Group Inc.,https://www.thelayoff.com//inventure-group,SNAK
Inver Grove Heights Schools,https://www.thelayoff.com//inver-grove-heights-schools-school-district,
Inverness Medical Innovations Inc.,https://www.thelayoff.com//inverness-medical-innovations,IMA
Invesco Mortgage Capital Inc.,https://www.thelayoff.com//invesco-mortgage-capital,IVR
Investar Holding Corp.,https://www.thelayoff.com//investar-holding,ISTR
Investment Technology Group Inc.,https://www.thelayoff.com//investment-technology-group,ITG
Investors Bancorp Inc.,https://www.thelayoff.com//investors-bancorp,ISBC
Investors Capital Holdings Ltd.,https://www.thelayoff.com//investors-capital-holdings,ICH
Investors Real Estate Trust,https://www.thelayoff.com//investors-real-estate-trust,IRETS
Investors Title Co.,https://www.thelayoff.com//investors-title,ITIC
Invision,https://www.thelayoff.com//invision,
Invision Technologies,https://www.thelayoff.com//invision-technologies,
Invitae Corp.,https://www.thelayoff.com//invitae,NVTA
Invitation Consultants,https://www.thelayoff.com//invitation-consultants,
Invitation Homes,https://www.thelayoff.com//invitation-homes,INVH
Invitrogen Corp.,https://www.thelayoff.com//invitrogen,IVGN
Invuity,https://www.thelayoff.com//invuity,IVTY
Inyo County,https://www.thelayoff.com//inyo,
Inyo County Career Technical Education,https://www.thelayoff.com//inyo-county-career-technical-education-school-district,
Inyo County Office Of Education,https://www.thelayoff.com//inyo-county-office-of-education-school-district,
Iola Independent School District,https://www.thelayoff.com//iola-isd-school-district,
Iola School District,https://www.thelayoff.com//iola-school-district,
Iola-Scandinavia School District,https://www.thelayoff.com//iola-scandinavia-school-district,
Iomai Corp.,https://www.thelayoff.com//iomai,IOMI
Iomega Corp.,https://www.thelayoff.com//iomega,IOM
Iona College,https://www.thelayoff.com//iona,
Ionatron Inc.,https://www.thelayoff.com//ionatron,IOTN
Ionia County,https://www.thelayoff.com//ionia,
Ionia Public Schools,https://www.thelayoff.com//ionia-public-schools-school-district,
Ionia Township S/D #2 District,https://www.thelayoff.com//ionia-township-s-d-2-school-district,
Iosco County,https://www.thelayoff.com//iosco,
Iowa,https://www.thelayoff.com//iowa,
Iowa City Community School District,https://www.thelayoff.com//iowa-city-comm-school-district,
Iowa County,https://www.thelayoff.com//iowa-ia,
"Iowa County, WI",https://www.thelayoff.com//iowa-wi,
Iowa Falls Community School District,https://www.thelayoff.com//iowa-falls-comm-school-district,
Iowa Lutheran Hospital,https://www.thelayoff.com//iowa-lutheran-hospital,
Iowa Methodist Medical Center,https://www.thelayoff.com//iowa-methodist-medical-center,
Iowa Northern Railway,https://www.thelayoff.com//iowa-northern-railway,
Iowa Park CISD School District,https://www.thelayoff.com//iowa-park-cisd-school-district,
Iowa Specialty Hospital - Belmond,https://www.thelayoff.com//iowa-specialty-hospital-belmond,
Iowa Specialty Hospital - Clarion,https://www.thelayoff.com//iowa-specialty-hospital-clarion,
Iowa State University,https://www.thelayoff.com//iowa-state,
Iowa Telecommunications Services Inc.,https://www.thelayoff.com//iowa-telecommunications-services,IWA
Iowa Valley Community School District,https://www.thelayoff.com//iowa-valley-comm-school-district,
Iowa Wesleyan College,https://www.thelayoff.com//iwc,
Iowa-Grant School District,https://www.thelayoff.com//iowa-grant-school-district,
Ipswich Public School District 22-6,https://www.thelayoff.com//ipswich-public-sd-22-6-school-district,
Ipswich School District,https://www.thelayoff.com//ipswich-school-district,
Ira Davenport Memorial Hospital,https://www.thelayoff.com//ira-davenport-memorial-hospital,
Ira Independent School District,https://www.thelayoff.com//ira-isd-school-district,
Iraan General Hospital,https://www.thelayoff.com//iraan-general-hospital,
Iraan-Sheffield Independent School District,https://www.thelayoff.com//iraan-sheffield-isd-school-district,
Iredell County,https://www.thelayoff.com//iredell,
Iredell Independent School District,https://www.thelayoff.com//iredell-isd-school-district,
Iredell Memorial Hospital,https://www.thelayoff.com//iredell-memorial-hospital,
Iredell-Statesville Schools School District,https://www.thelayoff.com//iredell-statesville-schools-school-district,
Irene - Wakonda School District 13-3,https://www.thelayoff.com//irene-wakonda-sd-13-3-school-district,
Iridex Corp.,https://www.thelayoff.com//iridex,IRIX
Iridium Communications Inc.,https://www.thelayoff.com//iridium-communications,IRDM
Irion County,https://www.thelayoff.com//irion,
Irion County Independent School District,https://www.thelayoff.com//irion-county-isd-school-district,
Iron Co. C-4,https://www.thelayoff.com//iron-co-c-4-school-district,
Iron County,https://www.thelayoff.com//iron-mi,
Iron County Hospital,https://www.thelayoff.com//iron-county-hospital,
"Iron County, MO",https://www.thelayoff.com//iron-mo,
"Iron County, UT",https://www.thelayoff.com//iron-ut,
"Iron County, WI",https://www.thelayoff.com//iron-wi,
Iron District School District,https://www.thelayoff.com//iron-district-school-district,
Iron Mountain Inc.,https://www.thelayoff.com//iron-mountain,IRM
Iron Mountain Public Schools,https://www.thelayoff.com//iron-mountain-public-schools-school-district,
IronPlanet,https://www.thelayoff.com//ironplanet,
IronTraffic,https://www.thelayoff.com//irontraffic,
Ironton City School District,https://www.thelayoff.com//ironton-city-school-district,
Ironwood Area Schools Of Gogebic County School District,https://www.thelayoff.com//ironwood-area-schools-of-gogebic-county-school-district,
Ironwood Pharmaceuticals Inc.,https://www.thelayoff.com//ironwood-pharmaceuticals,IRWD
Ironworks Consulting,https://www.thelayoff.com//ironworks-consulting,
Iroquois Central School District,https://www.thelayoff.com//iroquois-central-school-district,
Iroquois County,https://www.thelayoff.com//iroquois,
Iroquois County CUSD 9,https://www.thelayoff.com//iroquois-county-cusd-9-school-district,
Iroquois Memorial Hospital,https://www.thelayoff.com//iroquois-memorial-hospital,
Iroquois School District,https://www.thelayoff.com//iroquois-sd-school-district,
Iroquois School District 02-3,https://www.thelayoff.com//iroquois-sd-02-3-school-district,
Iroquois West CUSD 10,https://www.thelayoff.com//iroquois-west-cusd-10-school-district,
Irvine Company,https://www.thelayoff.com//irvine-company,
Irvine Sensors Corp.,https://www.thelayoff.com//irvine-sensors,IRSN
Irvine Unified School District,https://www.thelayoff.com//irvine-unified-school-district,
Irving Independent School District,https://www.thelayoff.com//irving-isd-school-district,
Irvington CCSD 11,https://www.thelayoff.com//irvington-ccsd-11-school-district,
Irvington Public Schools District,https://www.thelayoff.com//irvington-public-schools-district-school-district,
Irvington Union Free School District,https://www.thelayoff.com//irvington-union-free-school-district,
Irwin County,https://www.thelayoff.com//irwin,
Irwin County Hospital,https://www.thelayoff.com//irwin-county-hospital,
Irwin County School District,https://www.thelayoff.com//irwin-county-school-district,
Irwin Financial,https://www.thelayoff.com//irwin-financial,IFC
Isaac Elementary District,https://www.thelayoff.com//isaac-elementary-district-school-district,
Isabella County,https://www.thelayoff.com//isabella,
Isagenix International,https://www.thelayoff.com//isagenix-international,
Isanti County,https://www.thelayoff.com//isanti,
Ishpeming Public School District No. 1,https://www.thelayoff.com//ishpeming-public-sd-no-1-school-district,
Isilon Systems Inc.,https://www.thelayoff.com//isilon-systems,ISLN
Isis Maternity,https://www.thelayoff.com//isis-maternity,
Isis Pharmaceuticals Inc.,https://www.thelayoff.com//isis-pharmaceuticals,ISIS
Island County,https://www.thelayoff.com//island,
Island Heights School District,https://www.thelayoff.com//island-heights-school-district,
Island Hospital,https://www.thelayoff.com//island-hospital,
Island Park Union Free School District,https://www.thelayoff.com//island-park-union-free-school-district,
Island Trees Union Free School District,https://www.thelayoff.com//island-trees-union-free-school-district,
Isle Au Haut Public Schools,https://www.thelayoff.com//isle-au-haut-public-schools-school-district,
Isle Of Wight County Public Schools,https://www.thelayoff.com//isle-of-wight-co-pblc-schs-school-district,
Isle Public School District,https://www.thelayoff.com//isle-public-school-district,
Isle of Capri Casinos Inc.,https://www.thelayoff.com//isle-of-capri-casinos,ISLE
Isle of Wight County,https://www.thelayoff.com//isle-of-wight,
Islesboro Public Schools,https://www.thelayoff.com//islesboro-public-schools-school-district,
Islip Union Free School District,https://www.thelayoff.com//islip-union-free-school-district,
IsoRay Inc.,https://www.thelayoff.com//isoray,ISR
Isobar Advertising,https://www.thelayoff.com//isobar-advertising,
Isokinetics,https://www.thelayoff.com//isokinetics,
Isolagen Inc.,https://www.thelayoff.com//isolagen,ILE
Isotech Laboratories,https://www.thelayoff.com//isotech-laboratories,
Isotechnika Pharma Inc,https://www.thelayoff.com//isotechnika-pharma,ISA
Israel Chemicals Ltd.,https://www.thelayoff.com//israel-chemicals,ICL
Isramco Inc.,https://www.thelayoff.com//isramco,ISRL
Issaquah School District,https://www.thelayoff.com//issaquah-school-district,
Issaquena County,https://www.thelayoff.com//issaquena,
IssueTrak,https://www.thelayoff.com//issuetrak,
Issuer Direct Corp.,https://www.thelayoff.com//issuer-direct,ISDR
Ista Pharmaceuticals Inc.,https://www.thelayoff.com//ista-pharmaceuticals,ISTA
Istem Geauga Early College High School District,https://www.thelayoff.com//istem-geauga-early-college-high-school-district,
Italy Independent School District,https://www.thelayoff.com//italy-isd-school-district,
Itasca County,https://www.thelayoff.com//itasca,
Itasca Independent School District,https://www.thelayoff.com//itasca-isd-school-district,
Itasca School District 10,https://www.thelayoff.com//itasca-sd-10-school-district,
Itau Unibanco Holding S/A ADS,https://www.thelayoff.com//itau-unibanco-holding,ITUB
Itawamba County,https://www.thelayoff.com//itawamba,
Itawamba County School District,https://www.thelayoff.com//itawamba-co-school-dist,
Iteris Inc.,https://www.thelayoff.com//iteris,ITI
Ithaca City School District,https://www.thelayoff.com//ithaca-city-school-district,
Ithaca College,https://www.thelayoff.com//ithaca,
Ithaca Energy Inc.,https://www.thelayoff.com//ithaca-energy,IAE
Ithaca Public Schools,https://www.thelayoff.com//ithaca-public-schools-school-district,
Ithaca School District,https://www.thelayoff.com//ithaca-school-district,
Itron Inc.,https://www.thelayoff.com//itron,ITRI
Ituran Location & Control Ltd.,https://www.thelayoff.com//ituran-location-and-control,ITRN
Iu Health West Hospital,https://www.thelayoff.com//iu-health-west-hospital,
Iuka CCSD 7,https://www.thelayoff.com//iuka-ccsd-7-school-district,
Ivanhoe Australia Limited,https://www.thelayoff.com//ivanhoe-australia,IVA
Ivanhoe Energy Inc.,https://www.thelayoff.com//ivanhoe-energy,IE
"Ivanhoe Mines, Ltd.",https://www.thelayoff.com//ivanhoe-mines,IVN
Ivanhoe Public School District,https://www.thelayoff.com//ivanhoe-public-school-district,
Ivax Diagnostics Inc.,https://www.thelayoff.com//ivax-diagnostics,IVD
Ivernia Inc.,https://www.thelayoff.com//ivernia,IVW
Iverson Language Associates,https://www.thelayoff.com//iverson-language-associates,
Ivie & Associates,https://www.thelayoff.com//ivie-and-associates,
Ivinson Memorial Hospital,https://www.thelayoff.com//ivinson-memorial-hospital,
Ivivi Technologies Inc.,https://www.thelayoff.com//ivivi-technologies,IVVI
Ivy Securities,https://www.thelayoff.com//ivy-securities,
Ixia,https://www.thelayoff.com//ixia,XXIA
Izard Co. Cons.,https://www.thelayoff.com//izard-co-cons-school-district,
Izard County,https://www.thelayoff.com//izard,
United States Postal Service (USPS),https://www.thelayoff.com//usps,
i.think,https://www.thelayoff.com//ithink,
i2 Technologies Inc.,https://www.thelayoff.com//i2-technologies,ITWO
iBasis Inc.,https://www.thelayoff.com//ibasis,IBAS
iBio Inc.,https://www.thelayoff.com//ibio,IBIO
iBoom Media,https://www.thelayoff.com//iboom-media,
iCIMS.com,https://www.thelayoff.com//icims,
iContact,https://www.thelayoff.com//icontact,
iCrossing,https://www.thelayoff.com//icrossing,
iDreamSky Technology Ltd. ADS,https://www.thelayoff.com//idreamsky-technology,DSKY
iFAX Solutions,https://www.thelayoff.com//ifax-solutions,
iFurn.com,https://www.thelayoff.com//ifurn,
iGATE Corp.,https://www.thelayoff.com//igate,IGTE
iGoDigital,https://www.thelayoff.com//igodigital,
iKang Healthcare Group Inc. ADS,https://www.thelayoff.com//ikang-healthcare-group,KANG
iLinc Communications Inc.,https://www.thelayoff.com//ilinc-communications,ILC
iMarc,https://www.thelayoff.com//imarc,
iNET Interactive,https://www.thelayoff.com//inet-interactive,
iPCS Inc.,https://www.thelayoff.com//ipcs,IPCS
iParty Corp.,https://www.thelayoff.com//iparty,IPT
iPass Inc.,https://www.thelayoff.com//ipass,IPAS
iPipeline,https://www.thelayoff.com//ipipeline,
iProspect,https://www.thelayoff.com//iprospect,
iRadimed Corp.,https://www.thelayoff.com//iradimed,IRMD
iRhythm Technologies,https://www.thelayoff.com//irhythm-technologies,IRTC
iRobot Corp.,https://www.thelayoff.com//irobot,IRBT
iSeatz.com,https://www.thelayoff.com//iseatz,
iSi Environmental Services,https://www.thelayoff.com//isi-environmental-services,
iSpace,https://www.thelayoff.com//ispace,
iStar Financial Inc.,https://www.thelayoff.com//istar-financial,SFI
iT People Corporation,https://www.thelayoff.com//it-people-corporation,
iTech Solutions,https://www.thelayoff.com//itech-solutions,
iTech US,https://www.thelayoff.com//itech-us,
iTrendz,https://www.thelayoff.com//itrendz,
iVenture Solutions,https://www.thelayoff.com//iventure-solutions,
iboats.com,https://www.thelayoff.com//iboats,
icad Inc.,https://www.thelayoff.com//icad,ICAD
immixGroup,https://www.thelayoff.com//immixgroup,
inContact Inc.,https://www.thelayoff.com//incontact,SAAS
inVentiv Health Inc.,https://www.thelayoff.com//inventiv-health,VTIV
infoUSA Inc.,https://www.thelayoff.com//infousa,IUSA
