company_name,link,ticker
Kemper Insurance,https://www.thelayoff.com//unitrin,UTR
Ronald Reagan UCLA Medical Center,https://www.thelayoff.com//ucla-medical-center,
U-Haul,https://www.thelayoff.com//u-haul,
U-Store-It-Trust,https://www.thelayoff.com//u-store-it-trust,YSI
U.K. Elite Soccer,https://www.thelayoff.com//uk-elite-soccer,
U.S. Auto Parts Network Inc.,https://www.thelayoff.com//u-s-auto-parts-network,PRTS
U.S. Bank,https://www.thelayoff.com//u-s-bancorp,USB
U.S. Cellular Corp.,https://www.thelayoff.com//u-s-cellular,USM
U.S. Concrete Inc.,https://www.thelayoff.com//u-s-concrete,USCR
U.S. Diagnostics,https://www.thelayoff.com//us-diagnostics,
U.S. Energy Corp.,https://www.thelayoff.com//u-s-energy,USEG
U.S. Energy Services,https://www.thelayoff.com//us-energy-services,
U.S. Geothermal Inc.,https://www.thelayoff.com//u-s-geothermal,HTM
U.S. Geothermal Inc.,https://www.thelayoff.com//us-geothermal,GTH
U.S. Global Investors Inc.,https://www.thelayoff.com//u-s-global-investors,GROW
U.S. Home Systems Inc.,https://www.thelayoff.com//u-s-home-systems,USHS
U.S. Lime & Minerals Inc.,https://www.thelayoff.com//u-s-lime-and-minerals,USLM
U.S. Pavement Services,https://www.thelayoff.com//us-pavement-services,
U.S. Physical Therapy Inc.,https://www.thelayoff.com//u-s-physical-therapy,USPH
U.S. Shipping Partners L.P. Un,https://www.thelayoff.com//u-s-shipping-partners-un,USS
U.S. Silica Holdings Inc.,https://www.thelayoff.com//u-s-silica-holdings,SLCA
U.S. Silver Corp.,https://www.thelayoff.com//us-silver,USA
UAMS Medical Center,https://www.thelayoff.com//uams-medical-center,
UAP Holding Corp.,https://www.thelayoff.com//uap-holding,UAPH
UBIC Inc. ADS,https://www.thelayoff.com//ubic,UBIC
UBS,https://www.thelayoff.com//ubs-ag,UBS
UCBH Holdings Inc.,https://www.thelayoff.com//ucbh-holdings,UCBH
UCN Inc.,https://www.thelayoff.com//ucn,UCNN
UCON Construction,https://www.thelayoff.com//ucon-construction,
UCP Inc.,https://www.thelayoff.com//ucp,UCP
UDR Inc.,https://www.thelayoff.com//udr,UDR
UEX Corporation,https://www.thelayoff.com//uex-corporation,UEX
UFP Technologies Inc.,https://www.thelayoff.com//ufp-technologies,UFPT
UGI Corp.,https://www.thelayoff.com//ugi,UGI
UIL Holdings Corp.,https://www.thelayoff.com//uil-holdings,UIL
ULTA,https://www.thelayoff.com//ulta-salon-cosmetics-and-fragrance,ULTA
UMB Financial Corp.,https://www.thelayoff.com//umb-financial,UMBF
UMH Properties Inc.,https://www.thelayoff.com//umh-properties,UMH
UNFI (United Natural Foods Inc.),https://www.thelayoff.com//united-natural-foods,UNFI
UNICON International,https://www.thelayoff.com//unicon-international,
UPMC Altoona,https://www.thelayoff.com//upmc-altoona,
UPMC Bedford Memorial,https://www.thelayoff.com//upmc-bedford-memorial,
UPMC East,https://www.thelayoff.com//upmc-east,
UPMC Hamot,https://www.thelayoff.com//upmc-hamot,
UPMC Horizon,https://www.thelayoff.com//upmc-horizon,
UPMC Mckeesport,https://www.thelayoff.com//upmc-mckeesport,
UPMC Mercy,https://www.thelayoff.com//upmc-mercy,
UPMC Northwest,https://www.thelayoff.com//upmc-northwest,
UPMC Passavant,https://www.thelayoff.com//upmc-passavant,
UPMC Presbyterian Shadyside,https://www.thelayoff.com//upmc-presbyterian-shadyside,
UPMC St Margaret,https://www.thelayoff.com//upmc-st-margaret,
UPS,https://www.thelayoff.com//united-parcel-service,UPS
UQM Technologies Inc.,https://www.thelayoff.com//uqm-technologies,UQM
URS Corp.,https://www.thelayoff.com//urs,URS
URSA Major Minerals Incorporated,https://www.thelayoff.com//ursa-major-minerals,UMJ
US Airways Group Inc.,https://www.thelayoff.com//us-airways-group,LCC
US BioEnergy Corp.,https://www.thelayoff.com//us-bioenergy,USBE
US Dataworks Inc.,https://www.thelayoff.com//us-dataworks,UDW
US Environmental,https://www.thelayoff.com//us-environmental,
US Export Direct,https://www.thelayoff.com//us-export-direct,
US Farathane,https://www.thelayoff.com//us-farathane,
US Foods,https://www.thelayoff.com//us-foods-holding-corp,USFD
US Foodservice,https://www.thelayoff.com//us-foodservice,
US Gold Canadian Acquisition Corporation,https://www.thelayoff.com//us-gold-canadian-acquisition-corporation,UXE
US Gold Corp.,https://www.thelayoff.com//us-gold,UXG
US LED,https://www.thelayoff.com//us-led,
US Logic,https://www.thelayoff.com//us-logic,
US Markerboard,https://www.thelayoff.com//us-markerboard,
US Oil,https://www.thelayoff.com//us-oil,
US Oncology,https://www.thelayoff.com//us-oncology,
US Steel,https://www.thelayoff.com//united-states-steel,
US Tech Solutions,https://www.thelayoff.com//us-tech-solutions,
US Trades,https://www.thelayoff.com//us-trades,
US Xpress Enterprises,https://www.thelayoff.com//us-xpress-enterprises,
USA Bus Charter,https://www.thelayoff.com//usa-bus-charter,
USA Compression Partners L.P.,https://www.thelayoff.com//usa-compression-partners,USAC
USA Financial Services,https://www.thelayoff.com//usa-financial-services,
USA Logistics Carriers,https://www.thelayoff.com//usa-logistics-carriers,
USA Mobility Inc.,https://www.thelayoff.com//usa-mobility,USMO
USA Technologies Inc.,https://www.thelayoff.com//usa-technologies,USAT
USA Today,https://www.thelayoff.com//usa-today,
USA Truck Inc.,https://www.thelayoff.com//usa-truck,USAK
USAA,https://www.thelayoff.com//usaa,
USANA Health Sciences Inc.,https://www.thelayoff.com//usana-health-sciences,USNA
USD Partners LP,https://www.thelayoff.com//usd-partners,USDP
USEC Inc.,https://www.thelayoff.com//usec,USU
USG Corp.,https://www.thelayoff.com//usg,USG
USM Business Systems,https://www.thelayoff.com//usm-business-systems,
USMD Holdings Inc.,https://www.thelayoff.com//usmd-holdings,USMD
UST Inc.,https://www.thelayoff.com//ust,UST
USTravel,https://www.thelayoff.com//ustravel,
USfalcon,https://www.thelayoff.com//usfalcon,
USr Healthcare,https://www.thelayoff.com//usr-healthcare,
UTEK Corp.,https://www.thelayoff.com//utek,UTK
UTStarcom Inc.,https://www.thelayoff.com//utstarcom,UTSI
UTi Worldwide Inc.,https://www.thelayoff.com//uti-worldwide,UTIW
Uber,https://www.thelayoff.com//uber,
Ubiquiti Networks Inc.,https://www.thelayoff.com//ubiquiti-networks,UBNT
Ubly Community Schools,https://www.thelayoff.com//ubly-community-schools-school-district,
Ucsf Medical Center,https://www.thelayoff.com//ucsf-medical-center,
Udall School District,https://www.thelayoff.com//udall-school-district,
Udig Technologies,https://www.thelayoff.com//udig-technologies,
Uf Health Jacksonville,https://www.thelayoff.com//uf-health-jacksonville,
Uf Health Shands Hospital,https://www.thelayoff.com//uf-health-shands-hospital,
Uh Cleveland Medical Center,https://www.thelayoff.com//uh-cleveland-medical-center,
Uh Geauga Medical Center,https://www.thelayoff.com//uh-geauga-medical-center,
Uhhs Memorial Hospital of Geneva,https://www.thelayoff.com//uhhs-memorial-hospital-of-geneva,
Uhhs Richmond Heights Hospital,https://www.thelayoff.com//uhhs-richmond-heights-hospital,
Uinta County,https://www.thelayoff.com//uinta,
Uinta County School District #1,https://www.thelayoff.com//uinta-county-sd-1-school-district,
Uinta County School District #4,https://www.thelayoff.com//uinta-county-sd-4-school-district,
Uinta County School District #6,https://www.thelayoff.com//uinta-county-sd-6-school-district,
Uintah Basin Medical Center,https://www.thelayoff.com//uintah-basin-medical-center,
Uintah County,https://www.thelayoff.com//uintah,
Uintah District School District,https://www.thelayoff.com//uintah-district-school-district,
Ukiah School District 80R,https://www.thelayoff.com//ukiah-sd-80r-school-district,
Ukiah Unified School District,https://www.thelayoff.com//ukiah-unified-school-district,
Ukiah Valley Medical Center,https://www.thelayoff.com//ukiah-valley-medical-center,
Ulen-Hitterdal Public School District,https://www.thelayoff.com//ulen-hitterdal-public-school-dist,
Ulm Elementary School District,https://www.thelayoff.com//ulm-elementary-school-district,
Ulster County,https://www.thelayoff.com//ulster,
Ultimate Software Group Inc.,https://www.thelayoff.com//ultimate-software-group,ULTI
Ultimo Software Solutions,https://www.thelayoff.com//ultimo-software-solutions,
Ultra Clean Holdings Inc.,https://www.thelayoff.com//ultra-clean-holdings,UCTT
Ultra Petroleum Corp.,https://www.thelayoff.com//ultra-petroleum,UPL
Ultra-Dex Tooling Systems,https://www.thelayoff.com//ultra-dex-tooling-systems,
Ultraflex International,https://www.thelayoff.com//ultraflex-international,
Ultragenyx Pharmaceutical Inc.,https://www.thelayoff.com//ultragenyx-pharmaceutical,RARE
Ultralife Batteries Inc.,https://www.thelayoff.com//ultralife-batteries,ULBI
Ultrapar Participacoes S/A,https://www.thelayoff.com//ultrapar-participacoes,UGP
Ultrapetrol (Bahamas) Ltd.,https://www.thelayoff.com//ultrapetrol-(bahamas),ULTR
Ultratech Inc.,https://www.thelayoff.com//ultratech,UTEK
Uluru Inc.,https://www.thelayoff.com//uluru,ULU
Ulysses School District,https://www.thelayoff.com//ulysses-school-district,
Umass Memorial Medical Center,https://www.thelayoff.com//umass-memorial-medical-center,
Umatilla County,https://www.thelayoff.com//umatilla,
Umatilla School District 6R,https://www.thelayoff.com//umatilla-sd-6r-school-district,
Umo N Ho N Nation Public Schools,https://www.thelayoff.com//umo-n-ho-n-nation-public-schs-school-district,
Umpqua Holdings Corp.,https://www.thelayoff.com//umpqua-holdings,UMPQ
Unadilla Valley Central School District,https://www.thelayoff.com//unadilla-valley-central-school-district,
Unalaska City School District,https://www.thelayoff.com//unalaska-city-school-district,
Under Armour Inc.,https://www.thelayoff.com//under-armour,UA
Underground Printing,https://www.thelayoff.com//underground-printing,
Underground Technologies,https://www.thelayoff.com//underground-technologies,
Underscore Marketing,https://www.thelayoff.com//underscore-marketing,
Underwood 8 School District,https://www.thelayoff.com//underwood-8-school-district,
Underwood Community School District,https://www.thelayoff.com//underwood-comm-school-district,
Underwood Public School District,https://www.thelayoff.com//underwood-public-school-district,
Uni-Pixel Inc.,https://www.thelayoff.com//uni-pixel,UNXL
Uni-Select Inc.,https://www.thelayoff.com//uni-select,UNS
UniFirst Corp.,https://www.thelayoff.com//unifirst,UNF
UniGroup,https://www.thelayoff.com//unigroup,
UniSource Energy Corp.,https://www.thelayoff.com//unisource-energy,UNS
Unibanco-Uniao de Bancos Brasileiros S/A (GDS),https://www.thelayoff.com//unibanco-uniao-de-bancos-brasileiros-(gds),UBB
Unica Corp.,https://www.thelayoff.com//unica,UNCA
Unico American Corp.,https://www.thelayoff.com//unico-american,UNAM
Unicoi County,https://www.thelayoff.com//unicoi,
Unicoi County Memorial Hospital,https://www.thelayoff.com//unicoi-county-memorial-hospital,
Unicoi County School District,https://www.thelayoff.com//unicoi-county-school-district,
Uniface,https://www.thelayoff.com//uniface,
Unifi Inc.,https://www.thelayoff.com//unifi,UFI
Uniflex Church Furnishings,https://www.thelayoff.com//uniflex-church-furnishings,
Unilever,https://www.thelayoff.com//unilever,UN
Unilever PLC,https://www.thelayoff.com//unilever-plc,
Unilife Corp.,https://www.thelayoff.com//unilife,UNIS
Union 01 School District,https://www.thelayoff.com//union-01-school-district,
Union Area School District,https://www.thelayoff.com//union-area-sd-school-district,
Union Bankshares Corp.,https://www.thelayoff.com//union-bankshares,UBSH
Union Beach Public School District,https://www.thelayoff.com//union-beach-public-school-district,
Union City Area School District,https://www.thelayoff.com//union-city-area-sd-school-district,
Union City Community Schools,https://www.thelayoff.com//union-city-community-schools-school-district,
Union City School District,https://www.thelayoff.com//union-city-school-district,
Union Co/Clg Corner Joint,https://www.thelayoff.com//union-co-clg-corner-joint-school-district,
Union College,https://www.thelayoff.com//uc,
Union College,https://www.thelayoff.com//union-college,
Union Community School District,https://www.thelayoff.com//union-comm-school-district,
Union County,https://www.thelayoff.com//union-ar,
Union County Educational Services Commission,https://www.thelayoff.com//union-county-educational-services-commission-school-district,
Union County General Hospital,https://www.thelayoff.com//union-county-general-hospital,
Union County Hospital,https://www.thelayoff.com//union-county-hospital,
Union County Public Schools,https://www.thelayoff.com//union-county-public-schools-school-district,
Union County School District,https://www.thelayoff.com//union-co-school-dist,
Union County School District,https://www.thelayoff.com//union-county-school-district,
"Union County, FL",https://www.thelayoff.com//union-fl,
"Union County, GA",https://www.thelayoff.com//union-ga,
"Union County, IA",https://www.thelayoff.com//union-ia,
"Union County, IL",https://www.thelayoff.com//union-il,
"Union County, IN",https://www.thelayoff.com//union-in,
"Union County, KY",https://www.thelayoff.com//union-ky,
"Union County, MS",https://www.thelayoff.com//union-ms,
"Union County, NC",https://www.thelayoff.com//union-nc,
"Union County, NJ",https://www.thelayoff.com//union-nj,
"Union County, NM",https://www.thelayoff.com//union-nm,
"Union County, OH",https://www.thelayoff.com//union-oh,
"Union County, OR",https://www.thelayoff.com//union-or,
"Union County, PA",https://www.thelayoff.com//union-pa,
"Union County, SC",https://www.thelayoff.com//union-sc,
"Union County, SD",https://www.thelayoff.com//union-sd,
"Union County, TN",https://www.thelayoff.com//union-tn,
Union Distributing,https://www.thelayoff.com//union-distributing,
Union Drilling Inc.,https://www.thelayoff.com//union-drilling,UDRL
Union Elementary District,https://www.thelayoff.com//union-elementary-district-school-district,
Union Elementary School District,https://www.thelayoff.com//union-elementary-school-district,
Union Free Of The Tarrytowns,https://www.thelayoff.com//union-free-of-the-tarrytowns-school-district,
Union Gap School District,https://www.thelayoff.com//union-gap-school-district,
Union General Hospital Blairsville,https://www.thelayoff.com//union-general-hospital-blairsville,
Union General Hospital Farmerville,https://www.thelayoff.com//union-general-hospital-farmerville,
Union Grove Independent School District,https://www.thelayoff.com//union-grove-isd-school-district,
Union Grove J1 School District,https://www.thelayoff.com//union-grove-j1-school-district,
Union Grove Uhs School District,https://www.thelayoff.com//union-grove-uhs-school-district,
Union Hill Elementary School District,https://www.thelayoff.com//union-hill-elementary-school-district,
Union Hill Independent School District,https://www.thelayoff.com//union-hill-isd-school-district,
Union Hospital Clinton,https://www.thelayoff.com//union-hospital-clinton,
Union Hospital Dover,https://www.thelayoff.com//union-hospital-dover,
Union Hospital Terre Haute,https://www.thelayoff.com//union-hospital-terre-haute,
Union Hospital of Cecil County,https://www.thelayoff.com//union-hospital-of-cecil-county,
Union Institute,https://www.thelayoff.com//ui,
Union Joint Elementary School District,https://www.thelayoff.com//union-joint-elementary-school-district,
Union Local School District,https://www.thelayoff.com//union-local-school-district,
Union Medical Center,https://www.thelayoff.com//union-medical-center,
Union Pacific Corp.,https://www.thelayoff.com//union-pacific,UNP
Union Parish,https://www.thelayoff.com//union-parish-la,
Union Parish School District,https://www.thelayoff.com//union-parish-school-district,
Union Public School District,https://www.thelayoff.com//union-public-school-dist,
Union R-Xi School District,https://www.thelayoff.com//union-r-xi-school-district,
Union Ridge School District 86,https://www.thelayoff.com//union-ridge-sd-86-school-district,
Union School Corporation,https://www.thelayoff.com//union-school-corporation-school-district,
Union School District,https://www.thelayoff.com//union-school-district,
Union School District,https://www.thelayoff.com//union-sd-school-district,
Union School District 5,https://www.thelayoff.com//union-sd-5-school-district,
Union School District 81,https://www.thelayoff.com//union-sd-81-school-district,
Union Springs Central School District,https://www.thelayoff.com//union-springs-central-school-district,
Union Star R-Ii,https://www.thelayoff.com//union-star-r-ii-school-district,
Union Street Acquisition Corp.,https://www.thelayoff.com//union-street-acquisition,USQ
Union Township School Corporation,https://www.thelayoff.com//union-township-school-corp-school-district,
Union Township School District,https://www.thelayoff.com//union-township-school-district,
Union University,https://www.thelayoff.com//uu,
Union-Endicott Central School District,https://www.thelayoff.com//union-endicott-central-school-district,
Union-North United School Corporation,https://www.thelayoff.com//union-north-united-school-corp-school-district,
Union-Scioto Local School District,https://www.thelayoff.com//union-scioto-local-school-district,
UnionBanCal Corp.,https://www.thelayoff.com//unionbancal,UB
Uniondale Union Free School District,https://www.thelayoff.com//uniondale-union-free-school-district,
Uniontown Area School District,https://www.thelayoff.com//uniontown-area-sd-school-district,
Uniontown Hospital,https://www.thelayoff.com//uniontown-hospital,
Uniontown School District,https://www.thelayoff.com//uniontown-school-district,
Unionville-Chadds Ford School District,https://www.thelayoff.com//unionville-chadds-ford-sd-school-district,
Unionville-Sebewaing Area S.D.,https://www.thelayoff.com//unionville-sebewaing-area-s-d-school-district,
Unique Fabricating,https://www.thelayoff.com//unique-fabricating,AMERICAN:UFAB
Unique Window & Door,https://www.thelayoff.com//unique-window-and-door,
Unishippers - Laredo,https://www.thelayoff.com//unishippers--laredo,
Unishippers Global Logistics,https://www.thelayoff.com//unishippers-global-logistics,
Unisource Worldwide,https://www.thelayoff.com//unisource-worldwide,
Unistar-Sparco Computers,https://www.thelayoff.com//unistar-sparco-computers,
Unisys Corp.,https://www.thelayoff.com//unisys,UIS
Unit Corp.,https://www.thelayoff.com//unit,UNT
United 7 School District,https://www.thelayoff.com//united-7-school-district,
United Airlines (United Continental Holdings Inc. - UAL Corp.),https://www.thelayoff.com//ual,UAL
United America Indemnity Ltd.,https://www.thelayoff.com//united-america-indemnity,INDM
United American Healthcare Corp.,https://www.thelayoff.com//united-american-healthcare,UAHC
United Bancorp Inc.,https://www.thelayoff.com//united-bancorp,UBCP
United Bancshares Inc.,https://www.thelayoff.com//united-bancshares,UBOH
United Bank Card,https://www.thelayoff.com//united-bank-card,
United Bankshares Inc.,https://www.thelayoff.com//united-bankshares,UBSI
United CUSD 304,https://www.thelayoff.com//united-cusd-304-school-district,
United Capital Corp.,https://www.thelayoff.com//united-capital,AFP
United Community Bancorp,https://www.thelayoff.com//united-community-bancorp,UCBA
United Community Banks Inc.,https://www.thelayoff.com//united-community-banks,UCBI
United Community Financial Corp.,https://www.thelayoff.com//united-community-financial,UCFC
United Community School District,https://www.thelayoff.com//united-comm-school-district,
United Corporations Limited,https://www.thelayoff.com//united-corporations,UNC
United Financial Bancorp Inc.,https://www.thelayoff.com//united-financial-bancorp,UBNK
United Fire & Casualty Co.,https://www.thelayoff.com//united-fire-and-casualty,UFCS
United Freight & Logistics,https://www.thelayoff.com//united-freight-and-logistics,
United Health Services Hospitals,https://www.thelayoff.com//united-health-services-hospitals,
United Healthcare,https://www.thelayoff.com//united-healthcare,
United Heritage Corp.,https://www.thelayoff.com//united-heritage,UHCP
United Hospital,https://www.thelayoff.com//united-hospital,
United Hospital Center,https://www.thelayoff.com//united-hospital-center,
United Hospital District,https://www.thelayoff.com//united-hospital-district,
United Hospital System,https://www.thelayoff.com//united-hospital-system,
United Independent School District,https://www.thelayoff.com//united-isd-school-district,
United Insurance Holdings Corp.,https://www.thelayoff.com//united-insurance-holdings,UIHC
United Launch Alliance,https://www.thelayoff.com//united-launch-alliance,
United Local School District,https://www.thelayoff.com//united-local-school-district,
United Medical Center,https://www.thelayoff.com//united-medical-center,
United Memorial Medical Center,https://www.thelayoff.com//united-memorial-medical-center,
United Microelectronics Corp.,https://www.thelayoff.com//united-microelectronics,UMC
United Mng Group Inc,https://www.thelayoff.com//united-mng-group,UMG
United Online Inc.,https://www.thelayoff.com//united-online,UNTD
United PanAm Financial Corp.,https://www.thelayoff.com//united-panam-financial,UPFC
United Refining Energy Corp.,https://www.thelayoff.com//united-refining-energy,URXU
United Regional Health Care System,https://www.thelayoff.com//united-regional-health-care-system,
United Rentals Inc.,https://www.thelayoff.com//united-rentals,URI
United School District,https://www.thelayoff.com//united-sd-school-district,
United Scrap Metal,https://www.thelayoff.com//united-scrap-metal,
United Security Bancshares,https://www.thelayoff.com//united-security-bancshares,UBFO
United Silver Corp,https://www.thelayoff.com//united-silver-corp,USC
United South Central School District,https://www.thelayoff.com//united-south-central-school-district,
United Spiral Pipe,https://www.thelayoff.com//united-spiral-pipe,
United Staffing Associates,https://www.thelayoff.com//united-staffing-associates,
United States Air Force,https://www.thelayoff.com//usaf,
United States Air Force Academy,https://www.thelayoff.com//usafa,
United States Antimony Corp.,https://www.thelayoff.com//united-states-antimony,UAMY
United States Coast Guard Academy,https://www.thelayoff.com//uscga,
United States Construction Corporation,https://www.thelayoff.com//us-construction,
United States International University,https://www.thelayoff.com//usiu,
United States Merchant Marine Academy,https://www.thelayoff.com//usmma,
United States Military Academy,https://www.thelayoff.com//usma,
United States Naval Academy,https://www.thelayoff.com//usna,
United Stationers Inc. - Essendant ,https://www.thelayoff.com//united-stationers,USTR
United Technologies Corp.,https://www.thelayoff.com//united-technologies,UTX
United Therapeutics Corp.,https://www.thelayoff.com//united-therapeutics,UTHR
United Twp HSD 30,https://www.thelayoff.com//united-twp-hsd-30-school-district,
United Western Bancorp Inc.,https://www.thelayoff.com//united-western-bancorp,UWBK
United-Guardian Inc.,https://www.thelayoff.com//united-guardian,UG
UnitedHealth Group Inc.,https://www.thelayoff.com//unitedhealth-group,UNH
Unitek Education,https://www.thelayoff.com//unitek-information-systems,
Unitil Corp.,https://www.thelayoff.com//unitil,UTL
Unity Bancorp Inc.,https://www.thelayoff.com//unity-bancorp,UNTY
Unity College,https://www.thelayoff.com//unity,
Unity Financial Life Insurance,https://www.thelayoff.com//unity-financial-life-insurance,
Unity Hospital,https://www.thelayoff.com//unity-hospital,
Unity Hospital of Rochester,https://www.thelayoff.com//unity-hospital-of-rochester,
Unity Medical Center Grafton,https://www.thelayoff.com//unity-medical-center-grafton,
Unity Medical Center Manchester,https://www.thelayoff.com//unity-medical-center-manchester,
Unity Medical and Surgical Hospital,https://www.thelayoff.com//unity-medical-and-surgical-hospital,
Unity Point CCSD 140,https://www.thelayoff.com//unity-point-ccsd-140-school-district,
Unity School District,https://www.thelayoff.com//unity-school-district,
Unitypoint Health - Meriter,https://www.thelayoff.com//unitypoint-health-meriter,
Univ Medical Center of Princeton at Plainsboro,https://www.thelayoff.com//univ-medical-center-of-princeton-at-plainsboro,
Univ of MD Rehabilitation & Orthopaedic Institute,https://www.thelayoff.com//univ-of-md-rehabilitation-and-orthopaedic-institute,
Univar,https://www.thelayoff.com//univar,UNVR
Universal Accounting Center,https://www.thelayoff.com//universal-accounting-center,
Universal American Corp.,https://www.thelayoff.com//universal-american,UAM
Universal Consulting Services,https://www.thelayoff.com//universal-consulting-services,
Universal Corp.,https://www.thelayoff.com//universal,UVV
Universal Display Corp.,https://www.thelayoff.com//universal-display,OLED
Universal Electronics Inc.,https://www.thelayoff.com//universal-electronics,UEIC
Universal Forest Products Inc.,https://www.thelayoff.com//universal-forest-products,UFPI
Universal Health Realty Income Trust,https://www.thelayoff.com//universal-health-realty-income-trust,UHT
Universal Health Services Inc.,https://www.thelayoff.com//universal-health-services,UHS
Universal Insurance Holdings Inc.,https://www.thelayoff.com//universal-insurance-holdings,UVE
Universal Label Technologies,https://www.thelayoff.com//universal-label-technologies,
Universal Mind,https://www.thelayoff.com//universal-mind,
Universal Pediatrics,https://www.thelayoff.com//universal-pediatrics,
Universal Power Group Inc.,https://www.thelayoff.com//universal-power-group,UPG
Universal Security Instruments Inc.,https://www.thelayoff.com//universal-security-instruments,UUU
Universal Stainless & Alloy Products Inc.,https://www.thelayoff.com//universal-stainless-and-alloy-products,USAP
Universal Technical Institute Inc.,https://www.thelayoff.com//universal-technical-institute,UTI
Universal Truckload Services Inc.,https://www.thelayoff.com//universal-truckload-services,UACL
Universidad Adventista de las Antillas,https://www.thelayoff.com//uadla,
Universidad Europea de Madrid,https://www.thelayoff.com//universidad-europea-de-madrid,
Universidad Metropolitana,https://www.thelayoff.com//um,
Universidad Politecnica de Puerto Rico,https://www.thelayoff.com//updpr,
University Bancorp Inc.,https://www.thelayoff.com//university-bancorp,UNIB
University City School District,https://www.thelayoff.com//university-city-school-district,
University Colo Health Memorial Hospital Central,https://www.thelayoff.com//university-colo-health-memorial-hospital-central,
University General Hospital,https://www.thelayoff.com//university-general-hospital,
University Health Care - Univ Hospitals and Clinics,https://www.thelayoff.com//university-health-care-univ-hospitals-and-clinics,
University Health Conway,https://www.thelayoff.com//university-health-conway,
University Health Shreveport,https://www.thelayoff.com//university-health-shreveport,
University Health System,https://www.thelayoff.com//university-health-system,
University Hospital & Clinics,https://www.thelayoff.com//university-hospital-and-clinics,
University Hospital ( Stony Brook ),https://www.thelayoff.com//university-hospital-stony-brook,
University Hospital Augusta,https://www.thelayoff.com//university-hospital-augusta,
University Hospital Mcduffie,https://www.thelayoff.com//university-hospital-mcduffie,
University Hospital Newark,https://www.thelayoff.com//university-hospital-newark,
University Hospital SUNY Health Science Center,https://www.thelayoff.com//university-hospital-suny-health-science-center,
University Hospital and Medical Center,https://www.thelayoff.com//university-hospital-and-medical-center,
University Hospital of Brooklyn Downstate,https://www.thelayoff.com//university-hospital-of-brooklyn-downstate,
University Hospitals - Elyria Medical Center,https://www.thelayoff.com//university-hospitals-elyria-medical-center,
University Hospitals Ahuja Medical Center,https://www.thelayoff.com//university-hospitals-ahuja-medical-center,
University Hospitals Conneaut Medical Center,https://www.thelayoff.com//university-hospitals-conneaut-medical-center,
University Hospitals Portage Medical Center,https://www.thelayoff.com//university-hospitals-portage-medical-center,
University Medical Center - Mesabi/ Mesaba Clinics,https://www.thelayoff.com//university-medical-center-mesabi-mesaba-clinics,
University Medical Center Las Vegas,https://www.thelayoff.com//university-medical-center-las-vegas,
University Medical Center Lubbock,https://www.thelayoff.com//university-medical-center-lubbock,
University Medical Center New Orleans,https://www.thelayoff.com//university-medical-center-new-orleans,
University Medical Center at Brackenridge,https://www.thelayoff.com//university-medical-center-at-brackenridge,
University Medical Center of El Paso,https://www.thelayoff.com//university-medical-center-of-el-paso,
University Pediatric Hospital,https://www.thelayoff.com//university-pediatric-hospital,
University Place School District,https://www.thelayoff.com//university-place-school-district,
University of Advancing Technology,https://www.thelayoff.com//university-of-advancing-technology,
University of Akron,https://www.thelayoff.com//ua,
University of Alabama,https://www.thelayoff.com//university-alabama,
University of Alabama Hospital,https://www.thelayoff.com//university-of-alabama-hospital,
University of Alabama at Birmingham,https://www.thelayoff.com//uab,
University of Alabama at Huntsville,https://www.thelayoff.com//uah,
University of Alaska Anchorage,https://www.thelayoff.com//uaa,
University of Alaska Fairbanks,https://www.thelayoff.com//uaf,
University of Alaska Southeast,https://www.thelayoff.com//uas,
University of Arizona,https://www.thelayoff.com//university-arizona,
University of Arkansas at Fayetteville,https://www.thelayoff.com//university-arkansas-fayetteville,
University of Arkansas at Little Rock,https://www.thelayoff.com//ualr,
University of Arkansas at Monticello,https://www.thelayoff.com//uam,
University of Arkansas at Pine Bluff,https://www.thelayoff.com//uapb,
University of Atlanta,https://www.thelayoff.com//university-of-atlanta,
University of Bridgeport,https://www.thelayoff.com//ub,
University of California Davis Medical Center,https://www.thelayoff.com//university-of-california-davis-medical-center,
University of California Irvine Med Center,https://www.thelayoff.com//university-of-california-irvine-med-center,
University of California San Diego Medical Center,https://www.thelayoff.com//university-of-california-san-diego-medical-center,
University of California San Francisco,https://www.thelayoff.com//ucsf,
University of California at Berkeley,https://www.thelayoff.com//ucb,
University of California at Davis,https://www.thelayoff.com//ucd,
University of California at Irvine,https://www.thelayoff.com//uci,
University of California at Los Angeles,https://www.thelayoff.com//ucla,
University of California at Merced,https://www.thelayoff.com//ucm,
University of California at Riverside,https://www.thelayoff.com//ucr,
University of California at San Diego,https://www.thelayoff.com//ucsd,
University of California at Santa Barbara,https://www.thelayoff.com//ucsb,
University of California at Santa Cruz,https://www.thelayoff.com//ucsc,
University of Central Arkansas,https://www.thelayoff.com//uca,
University of Central Florida,https://www.thelayoff.com//ucf,
University of Central Oklahoma,https://www.thelayoff.com//uco,
University of Charleston,https://www.thelayoff.com//university-charleston,
University of Chicago,https://www.thelayoff.com//university-chicago,
University of Cincinnati,https://www.thelayoff.com//university-cincinnati,
University of Cincinnati Medical Center,https://www.thelayoff.com//university-of-cincinnati-medical-center,
University of Colorado Hospital Authority,https://www.thelayoff.com//university-of-colorado-hospital-authority,
University of Colorado at Boulder,https://www.thelayoff.com//university-colorado-boulder,
University of Colorado at Colorado Springs,https://www.thelayoff.com//uccs,
University of Colorado at Denver,https://www.thelayoff.com//university-colorado-denver,
University of Connecticut,https://www.thelayoff.com//university-connecticut,
University of Dallas,https://www.thelayoff.com//ud,
University of Dayton,https://www.thelayoff.com//university-dayton,
University of Delaware,https://www.thelayoff.com//university-delaware,
University of Denver,https://www.thelayoff.com//university-denver,
University of Detroit Mercy,https://www.thelayoff.com//udm,
University of Dreams,https://www.thelayoff.com//university-of-dreams,
University of Dubuque,https://www.thelayoff.com//university-dubuque,
University of Evansville,https://www.thelayoff.com//ue,
University of Findlay,https://www.thelayoff.com//uf,
University of Florida,https://www.thelayoff.com//university-florida,
University of Georgia,https://www.thelayoff.com//ug,
University of Great Falls,https://www.thelayoff.com//ugf,
University of Hartford,https://www.thelayoff.com//uh,
University of Hawaii at Hilo,https://www.thelayoff.com//uhh,
University of Hawaii at Manoa,https://www.thelayoff.com//uhm,
University of Houston,https://www.thelayoff.com//university-houston,
University of Houston-Downtown,https://www.thelayoff.com//university-houston-downtown,
University of Idaho,https://www.thelayoff.com//university-idaho,
University of Illinois Hospital,https://www.thelayoff.com//university-of-illinois-hospital,
University of Illinois at Chicago,https://www.thelayoff.com//uic,
University of Illinois at Urbana-Champaign,https://www.thelayoff.com//uiu,
University of Indianapolis,https://www.thelayoff.com//university-indianapolis,
University of Iowa,https://www.thelayoff.com//university-iowa,
University of Iowa Hospital & Clinics,https://www.thelayoff.com//university-of-iowa-hospital-and-clinics,
University of Judaism College of Arts and Sciences,https://www.thelayoff.com//ujcas,
University of Kansas .,https://www.thelayoff.com//uk,
University of Kansas Hospital,https://www.thelayoff.com//university-of-kansas-hospital,
University of Kentucky Hospital,https://www.thelayoff.com//university-of-kentucky-hospital,
University of La Verne,https://www.thelayoff.com//ulv,
University of Louisiana at Lafayette,https://www.thelayoff.com//ull,
University of Louisiana at Monroe,https://www.thelayoff.com//ulm,
University of Louisville,https://www.thelayoff.com//ul,
University of Louisville Hospital,https://www.thelayoff.com//university-of-louisville-hospital,
University of M D Upper Chesapeake Medical Center,https://www.thelayoff.com//university-of-m-d-upper-chesapeake-medical-center,
University of MD Balto Washington Medical Center,https://www.thelayoff.com//university-of-md-balto-washington-medical-center,
University of MD Charles Regional Medical Center,https://www.thelayoff.com//university-of-md-charles-regional-medical-center,
University of MD Medical Center Midtown Campus,https://www.thelayoff.com//university-of-md-medical-center-midtown-campus,
University of MD Shore Medical Center at Chestertown,https://www.thelayoff.com//university-of-md-shore-medical-ctr-at-chestertown,
University of MD Shore Medical Center at Easton,https://www.thelayoff.com//university-of-md-shore-medical-center-at-easton,
University of Maine,https://www.thelayoff.com//university-maine,
University of Maine at Augusta,https://www.thelayoff.com//uma,
University of Maine at Farmington,https://www.thelayoff.com//umf,
University of Maine at Fort Kent,https://www.thelayoff.com//umfk,
University of Maine at Machias,https://www.thelayoff.com//umm,
University of Maine at Presque Isle,https://www.thelayoff.com//umpi,
University of Mary,https://www.thelayoff.com//university-mary,
University of Mary Hardin-Baylor,https://www.thelayoff.com//umh,
University of Maryland Harford Memorial Hospital,https://www.thelayoff.com//university-of-maryland-harford-memorial-hospital,
University of Maryland Medical Center,https://www.thelayoff.com//university-of-maryland-medical-center,
University of Maryland St Joseph Medical Center,https://www.thelayoff.com//university-of-maryland-st-joseph-medical-center,
University of Maryland/Baltimore County,https://www.thelayoff.com//umbc,
University of Maryland/College Park,https://www.thelayoff.com//umcp,
University of Maryland/Eastern Shore,https://www.thelayoff.com//umes,
University of Maryland/University College,https://www.thelayoff.com//umuc,
University of Massachusetts Amherst,https://www.thelayoff.com//university-massachusetts-amherst,
University of Massachusetts Boston,https://www.thelayoff.com//umb,
University of Massachusetts Dartmouth,https://www.thelayoff.com//umd,
University of Massachusetts Lowell,https://www.thelayoff.com//uml,
University of Memphis,https://www.thelayoff.com//university-memphis,
University of Miami,https://www.thelayoff.com//university-miami,
University of Miami Hospital,https://www.thelayoff.com//university-of-miami-hospital,
University of Michigan Health System,https://www.thelayoff.com//university-of-michigan-health-system,
University of Michigan/Ann Arbor,https://www.thelayoff.com//umaa,
University of Michigan/Dearborn,https://www.thelayoff.com//university-michigan-dearborn,
University of Michigan/Flint,https://www.thelayoff.com//university-michigan-flint,
University of Minnesota Medical Center - Fairview,https://www.thelayoff.com//university-of-minnesota-medical-center-fairview,
University of Minnesota/Crookston,https://www.thelayoff.com//umc,
University of Minnesota/Duluth,https://www.thelayoff.com//university-minnesota-duluth,
University of Minnesota/Morris,https://www.thelayoff.com//university-minnesota-morris,
University of Minnesota/Twin Cities,https://www.thelayoff.com//umtc,
University of Mississippi,https://www.thelayoff.com//university-mississippi,
University of Mississippi Med Center,https://www.thelayoff.com//university-of-mississippi-med-center,
University of Mississippi Medical Center - Grenada,https://www.thelayoff.com//university-of-mississippi-medical-center-grenada,
University of Missouri Health Care,https://www.thelayoff.com//university-of-missouri-health-care,
University of Missouri/Columbia,https://www.thelayoff.com//university-missouri-columbia,
University of Missouri/Kansas City,https://www.thelayoff.com//umkc,
University of Missouri/Rolla,https://www.thelayoff.com//umr,
University of Missouri/St. Louis,https://www.thelayoff.com//umsl,
University of Mobile,https://www.thelayoff.com//university-mobile,
University of Montana,https://www.thelayoff.com//university-montana,
University of Montevallo,https://www.thelayoff.com//university-montevallo,
University of Nebraska at Kearney,https://www.thelayoff.com//unk,
University of Nebraska at Lincoln,https://www.thelayoff.com//unl,
University of Nebraska at Omaha,https://www.thelayoff.com//uno,
University of Nevada/Las Vegas,https://www.thelayoff.com//unlv,
University of Nevada/Reno,https://www.thelayoff.com//unr,
University of New England,https://www.thelayoff.com//une,
University of New Hampshire,https://www.thelayoff.com//unh,
University of New Haven,https://www.thelayoff.com//university-new-haven,
University of New Mexico,https://www.thelayoff.com//unm,
University of New Orleans,https://www.thelayoff.com//university-new-orleans,
University of North Alabama,https://www.thelayoff.com//una,
University of North Carolina Hospital,https://www.thelayoff.com//university-of-north-carolina-hospital,
University of North Carolina at Asheville,https://www.thelayoff.com//unca,
University of North Carolina at Chapel Hill,https://www.thelayoff.com//uncch,
University of North Carolina at Charlotte,https://www.thelayoff.com//uncc,
University of North Carolina at Greensboro,https://www.thelayoff.com//uncg,
University of North Carolina at Pembroke,https://www.thelayoff.com//uncp,
University of North Carolina at Wilmington,https://www.thelayoff.com//uncw,
University of North Dakota,https://www.thelayoff.com//und,
University of North Florida,https://www.thelayoff.com//unf,
University of North Texas,https://www.thelayoff.com//unt,
University of Northern Colorado,https://www.thelayoff.com//unc,
University of Northern Iowa,https://www.thelayoff.com//uni,
University of Notre Dame,https://www.thelayoff.com//university-notre-dame,
University of Oklahoma,https://www.thelayoff.com//uo,
University of Oregon,https://www.thelayoff.com//university-oregon,
University of Pennsylvania,https://www.thelayoff.com//up,
University of Phoenix,https://www.thelayoff.com//university-phoenix,
University of Pittsburgh Medical Center (UPMC),https://www.thelayoff.com//upmc,
University of Pittsburgh at Bradford,https://www.thelayoff.com//upb,
University of Pittsburgh at Greensburg,https://www.thelayoff.com//upg,
University of Pittsburgh at Johnstown,https://www.thelayoff.com//upj,
University of Pittsburgh at Pittsburgh,https://www.thelayoff.com//upp,
University of Portland,https://www.thelayoff.com//university-portland,
University of Puerto Rico/Arecibo Technological University College,https://www.thelayoff.com//upratuc,
University of Puerto Rico/Bayamon University College Campus,https://www.thelayoff.com//uprbucc,
University of Puerto Rico/Cayey University College,https://www.thelayoff.com//uprcuc,
University of Puerto Rico/Humacao University College,https://www.thelayoff.com//uprhuc,
University of Puerto Rico/Mayaguez,https://www.thelayoff.com//uprm,
University of Puerto Rico/Rio Piedras,https://www.thelayoff.com//uprrp,
University of Puget Sound,https://www.thelayoff.com//ups,
University of Redlands,https://www.thelayoff.com//ur,
University of Rhode Island,https://www.thelayoff.com//uri,
University of Richmond,https://www.thelayoff.com//university-richmond,
University of Rio Grande,https://www.thelayoff.com//urg,
University of Rochester,https://www.thelayoff.com//university-rochester,
University of S A Children's and Women's Hos,https://www.thelayoff.com//university-of-s-a-childrens-and-womens-hos,
University of Saint Francis,https://www.thelayoff.com//university-saint-francis,
University of Saint Francis,https://www.thelayoff.com//usf,
University of Saint Thomas,https://www.thelayoff.com//university-saint-thomas,
University of San Diego,https://www.thelayoff.com//usd,
University of San Francisco,https://www.thelayoff.com//university-san-francisco,
University of Science and Arts of Oklahoma,https://www.thelayoff.com//usao,
University of Scranton,https://www.thelayoff.com//us,
University of Sioux Falls,https://www.thelayoff.com//university-sioux-falls,
University of South Alabama,https://www.thelayoff.com//usa,
University of South Alabama Medical Center,https://www.thelayoff.com//university-of-south-alabama-medical-center,
University of South Carolina at Aiken,https://www.thelayoff.com//usca,
University of South Carolina at Columbia,https://www.thelayoff.com//uscc,
University of South Carolina at Spartanburg,https://www.thelayoff.com//uscs,
University of South Dakota,https://www.thelayoff.com//university-south-dakota,
University of South Florida,https://www.thelayoff.com//university-south-florida,
University of Southern California,https://www.thelayoff.com//usc,
University of Southern Colorado,https://www.thelayoff.com//university-southern-colorado,
University of Southern Indiana,https://www.thelayoff.com//usi,
University of Southern Maine,https://www.thelayoff.com//usm,
University of Southern Mississippi,https://www.thelayoff.com//university-southern-mississippi,
University of Tampa,https://www.thelayoff.com//ut,
University of Tennessee at Chattanooga,https://www.thelayoff.com//utc,
University of Tennessee at Knoxville,https://www.thelayoff.com//utk,
University of Tennessee at Martin,https://www.thelayoff.com//utm,
University of Texas Health Science Center at Tyler,https://www.thelayoff.com//university-of-texas-health-science-center-at-tyler,
University of Texas Medical Branch,https://www.thelayoff.com//university-of-texas-medical-branch,
University of Texas at Arlington,https://www.thelayoff.com//uta,
University of Texas at Austin,https://www.thelayoff.com//university-texas-austin,
University of Texas at Dallas,https://www.thelayoff.com//utd,
University of Texas at El Paso,https://www.thelayoff.com//utep,
University of Texas at San Antonio,https://www.thelayoff.com//utsa,
University of Texas-Pan American,https://www.thelayoff.com//university-texas-pan-american,
University of Toledo,https://www.thelayoff.com//university-toledo,
University of Toledo Medical Center,https://www.thelayoff.com//university-of-toledo-medical-center,
University of Tulsa,https://www.thelayoff.com//university-tulsa,
University of Utah,https://www.thelayoff.com//university-utah,
University of Vermont,https://www.thelayoff.com//uv,
University of Vermont Medical Center,https://www.thelayoff.com//university-of-vermont-medical-center,
University of Virginia,https://www.thelayoff.com//university-virginia,
University of Virginia Medical Center,https://www.thelayoff.com//university-of-virginia-medical-center,
University of Virginia's College at Wise,https://www.thelayoff.com//uvcw,
University of Washington,https://www.thelayoff.com//uw,
University of Washington Medical Center,https://www.thelayoff.com//university-of-washington-medical-ctr,
University of West Alabama,https://www.thelayoff.com//uwa,
University of West Florida,https://www.thelayoff.com//uwf,
University of Wi Hospitals & Clinics Authority,https://www.thelayoff.com//university-of-wi-hospitals-and-clinics-authority,
University of Wisconsin/Eau Claire,https://www.thelayoff.com//uwec,
University of Wisconsin/Green Bay,https://www.thelayoff.com//uwgb,
University of Wisconsin/La Crosse,https://www.thelayoff.com//uwlc,
University of Wisconsin/Madison,https://www.thelayoff.com//uwm,
University of Wisconsin/Milwaukee,https://www.thelayoff.com//university-wisconsin-milwaukee,
University of Wisconsin/Oshkosh,https://www.thelayoff.com//uwo,
University of Wisconsin/Parkside,https://www.thelayoff.com//uwp,
University of Wisconsin/Platteville,https://www.thelayoff.com//university-wisconsin-platteville,
University of Wisconsin/River Falls,https://www.thelayoff.com//uwrf,
University of Wisconsin/Stevens Point,https://www.thelayoff.com//uwsp,
University of Wisconsin/Stout,https://www.thelayoff.com//uws,
University of Wisconsin/Superior,https://www.thelayoff.com//university-wisconsin-superior,
University of Wisconsin/Whitewater,https://www.thelayoff.com//uww,
University of Wyoming,https://www.thelayoff.com//university-wyoming,
University of the Arts,https://www.thelayoff.com//university-arts,
University of the District of Columbia,https://www.thelayoff.com//udc,
University of the Incarnate Word,https://www.thelayoff.com//uiw,
University of the Latin American Educational Center,https://www.thelayoff.com//university-of-the-latin-american-educational-center,
University of the Ozarks,https://www.thelayoff.com//university-ozarks,
University of the Pacific,https://www.thelayoff.com//university-pacific,
University of the Rockies,https://www.thelayoff.com//university-of-the-rockies,
University of the Sacred Heart,https://www.thelayoff.com//ush,
University of the Sciences in Philadelphia,https://www.thelayoff.com//usip,
University of the South,https://www.thelayoff.com//university-south,
Univest Corp. of Pennsylvania,https://www.thelayoff.com//univest-of-pennsylvania,UVSP
Univision,https://www.thelayoff.com//univision-communications,
Unm Hospital,https://www.thelayoff.com//unm-hospital,
Unm Sandoval Regional Medical Center,https://www.thelayoff.com//unm-sandoval-regional-medical-center,
Uno Alla Volta,https://www.thelayoff.com//uno-alla-volta,
Unum Group,https://www.thelayoff.com//unum-group,UNM
Unwired Planet Inc.,https://www.thelayoff.com//unwired-planet,UPIP
Up Health System - Marquette,https://www.thelayoff.com//up-health-system-marquette,
Up Health System Portage,https://www.thelayoff.com//up-health-system-portage,
Upek,https://www.thelayoff.com//upek,
Upland Hills Health,https://www.thelayoff.com//upland-hills-health,
Upland Software Inc.,https://www.thelayoff.com//upland-software,UPLD
Upland Unified School District,https://www.thelayoff.com//upland-unified-school-district,
Upper Adams School District,https://www.thelayoff.com//upper-adams-sd-school-district,
Upper Arlington City - School District,https://www.thelayoff.com//upper-arlington-city-school-district,
Upper Connecticut Valley Hospital,https://www.thelayoff.com//upper-connecticut-valley-hospital,
Upper Darby School District,https://www.thelayoff.com//upper-darby-sd-school-district,
Upper Dauphin Area School District,https://www.thelayoff.com//upper-dauphin-area-sd-school-district,
Upper Deerfield Township School District,https://www.thelayoff.com//upper-deerfield-township-school-district,
Upper Dublin School District,https://www.thelayoff.com//upper-dublin-sd-school-district,
Upper Freehold Regional School District,https://www.thelayoff.com//upper-freehold-regional-school-district,
Upper Iowa University,https://www.thelayoff.com//upper-iowa,
Upper Lake Unified School District,https://www.thelayoff.com//upper-lake-unified-school-district,
Upper Lake Union Elementary School District,https://www.thelayoff.com//upper-lake-union-elementary-school-district,
Upper Lake Union High - School District,https://www.thelayoff.com//upper-lake-union-high-school-district,
Upper Merion Area School District,https://www.thelayoff.com//upper-merion-area-sd-school-district,
Upper Moreland Township School District,https://www.thelayoff.com//upper-moreland-township-sd-school-district,
Upper Perkiomen School District,https://www.thelayoff.com//upper-perkiomen-sd-school-district,
Upper Pittsgrove Twp Scool District,https://www.thelayoff.com//upper-pittsgrove-twp-scool-district-school-district,
Upper Saddle River School District,https://www.thelayoff.com//upper-saddle-river-school-district,
Upper Saint Clair School District,https://www.thelayoff.com//upper-saint-clair-sd-school-district,
Upper Sandusky Exempted Village School District,https://www.thelayoff.com//upper-sandusky-exempted-village-school-district,
Upper Scioto Valley Local,https://www.thelayoff.com//upper-scioto-valley-local-school-district,
Upper Township School District,https://www.thelayoff.com//upper-township-school-district,
Upper Valley Medical Center,https://www.thelayoff.com//upper-valley-medical-center,
Upper West Shore Elementary School District,https://www.thelayoff.com//upper-west-shore-elementary-school-district,
Upsala Public School District,https://www.thelayoff.com//upsala-public-school-district,
Upshur County,https://www.thelayoff.com//upshur-tx,
Upshur County Schools,https://www.thelayoff.com//upshur-county-schools-school-district,
"Upshur County, WV",https://www.thelayoff.com//upshur-wv,
Upson County,https://www.thelayoff.com//upson,
Upson Regional Medical Center,https://www.thelayoff.com//upson-regional-medical-center,
Upton County,https://www.thelayoff.com//upton,
Upton Public Schools,https://www.thelayoff.com//upton-public-schools-school-district,
Ur-Energy Inc.,https://www.thelayoff.com//ur-energy,URG
Uranerz Energy Corp.,https://www.thelayoff.com//uranerz-energy,URZ
Uranerz Energy Corporation,https://www.thelayoff.com//uranerz-energy-corporation,URZ
Uranium Energy Corp.,https://www.thelayoff.com//uranium-energy,UEC
"Uranium One, Inc.",https://www.thelayoff.com//uranium-one,UUU
Uranium Participation Corp.,https://www.thelayoff.com//uranium-participation,
Uranium Resources Inc.,https://www.thelayoff.com//uranium-resources,URRE
Urban Edge Properties,https://www.thelayoff.com//urban-edge-properties,UE
Urban Nirvana,https://www.thelayoff.com//urban-nirvana,
Urban Outfitters Inc.,https://www.thelayoff.com//urban-outfitters,URBN
Urbana City School District,https://www.thelayoff.com//urbana-city-school-district,
Urbana Corporation,https://www.thelayoff.com//urbana-corporation,URB
Urbana School District 116,https://www.thelayoff.com//urbana-sd-116-school-district,
Urbana University,https://www.thelayoff.com//urbana,
Urbancode,https://www.thelayoff.com//urbancode,
Urbandale Community School District,https://www.thelayoff.com//urbandale-comm-school-district,
UroGen Pharma,https://www.thelayoff.com//urogen-pharma,URGN
Urologix Inc.,https://www.thelayoff.com//urologix,ULGX
Urooj,https://www.thelayoff.com//urooj,
Uroplasty Inc.,https://www.thelayoff.com//uroplasty,UPI
Ursinus College,https://www.thelayoff.com//ursinus,
Urstadt Biddle Properties Inc.,https://www.thelayoff.com//urstadt-biddle-properties,UBA
Ursuline College,https://www.thelayoff.com//ursuline,
Us Gold Corporation,https://www.thelayoff.com//us-gold-corporation,UXG
Usc Verdugo Hills Hospital,https://www.thelayoff.com//usc-verdugo-hills-hospital,
User Centric,https://www.thelayoff.com//user-centric,
User Insight,https://www.thelayoff.com//user-insight,
User-Friendly Phone Book,https://www.thelayoff.com//user-friendly-phone-book,
Usmd Hospital at Arlington L P,https://www.thelayoff.com//usmd-hospital-at-arlington-l-p,
Usmd Hospital at Fort Worth,https://www.thelayoff.com//usmd-hospital-at-fort-worth,
Usphs Lawton Indian Hospital,https://www.thelayoff.com//usphs-lawton-indian-hospital,
Ut Southwestern University Hospital,https://www.thelayoff.com//ut-southwestern-university-hospital,
Ut Southwestern University Hospital - Zale Lipshy,https://www.thelayoff.com//ut-southwestern-university-hospital-zale-lipshy,
Utah,https://www.thelayoff.com//utah,
Utah County,https://www.thelayoff.com//utah-county,
Utah Medical Products Inc.,https://www.thelayoff.com//utah-medical-products,UTMD
Utah State University,https://www.thelayoff.com//usu,
Utah Valley Hospital,https://www.thelayoff.com//utah-valley-hospital,
Utica City School District,https://www.thelayoff.com//utica-city-school-district,
Utica College of Syracuse University,https://www.thelayoff.com//ucsu,
Utica Community Schools,https://www.thelayoff.com//utica-community-schools-school-district,
Utility Systems Construction,https://www.thelayoff.com//utility-systems-construction,
Utopia Independent School District,https://www.thelayoff.com//utopia-isd-school-district,
Uvalde CISD School District,https://www.thelayoff.com//uvalde-cisd-school-district,
Uvalde County,https://www.thelayoff.com//uvalde,
Uvalde Memorial Hospital,https://www.thelayoff.com//uvalde-memorial-hospital,
Uxbridge School District,https://www.thelayoff.com//uxbridge-school-district,
uMonitor - Parsam Technologies,https://www.thelayoff.com//umonitor--parsam-technologies,
uniQure N.V.,https://www.thelayoff.com//uniqure,QURE
usdod,https://www.thelayoff.com//usdod,
